json_path,latitude,longitude,Normalized_Lane_Width,Safety_Score,Left_Lookahead_Score,Right_Lookahead_Score,Left_Lane_Intensity_Score,Right_Lane_Intensity_Score,Lane_Visibility_Score,Left_Lane_Confidence,Right_Lane_Confidence,Local_Time
/media/vsi-dev/Lacie_2/mndot_workzone_project/Hyundai/campaign/processed_json/segments/session_9/part_2/005000.json,45.1526869,-93.5050584,0.9934093144689159,92.24,83.92156862745098,85.09803921568627,37.80487804878049,0.0,85.79,0.8931912561681848,0.9255138025354267,2025-07-08 13:33:11.666
/media/vsi-dev/Lacie_2/mndot_workzone_project/Hyundai/campaign/processed_json/segments/session_9/part_2/005001.json,45.1526931,-93.5050678,0.9982016190284373,92.24,83.13725490196079,85.49019607843137,48.40785907859079,35.46747967479675,85.54,0.8995392554056477,0.9095902784195927,2025-07-08 13:33:11.700
/media/vsi-dev/Lacie_2/mndot_workzone_project/Hyundai/campaign/processed_json/segments/session_9/part_2/005002.json,45.1526994,-93.5050771,0.9989880124051737,92.36,83.13725490196079,85.49019607843137,59.789972899728994,48.81436314363143,85.61,0.9052076359675839,0.9106931746462724,2025-07-08 13:33:11.733
/media/vsi-dev/Lacie_2/mndot_workzone_project/Hyundai/campaign/processed_json/segments/session_9/part_2/005003.json,45.1527057,-93.5050864,0.9950124791926823,92.36,83.52941176470588,85.49019607843137,65.65040650406505,56.978319783197826,85.83,0.9085110871210164,0.9138140182810128,2025-07-08 13:33:11.766
/media/vsi-dev/Lacie_2/mndot_workzone_project/Hyundai/campaign/processed_json/segments/session_9/part_2/005004.json,45.152712,-93.5050958,0.9915856009035505,92.31,83.13725490196079,85.49019607843137,71.78184281842819,69.0040650406504,85.78,0.9147887370496323,0.9183610426142829,2025-07-08 13:33:11.800
/media/vsi-dev/Lacie_2/mndot_workzone_project/Hyundai/campaign/processed_json/segments/session_9/part_2/005005.json,45.1527182,-93.5051051,0.9856539001953453,91.64,78.03921568627452,85.49019607843137,24.32249322493225,68.66531165311653,84.02,0.9433466712279683,0.9173547632407217,2025-07-08 13:33:11.833
/media/vsi-dev/Lacie_2/mndot_workzone_project/Hyundai/campaign/processed_json/segments/session_9/part_2/005006.json,45.1527245,-93.5051144,0.9792067244089037,90.9,73.72549019607844,85.49019607843137,8.502710027100271,79.67479674796748,82.44,0.9478747662436527,0.9272986235033486,2025-07-08 13:33:11.866
/media/vsi-dev/Lacie_2/mndot_workzone_project/Hyundai/campaign/processed_json/segments/session_9/part_2/005007.json,45.1527308,-93.5051238,0.9727652403079083,91.4,80.7843137254902,85.49019607843137,97.22222222222221,82.82520325203252,85.0,0.9218133093135866,0.9271643851368759,2025-07-08 13:33:11.900
/media/vsi-dev/Lacie_2/mndot_workzone_project/Hyundai/campaign/processed_json/segments/session_9/part_2/005008.json,45.152737,-93.5051331,0.9727652403079083,90.19,71.37254901960785,85.09803921568627,17.208672086720867,78.48915989159892,81.33,0.9441518525759941,0.9304832472550648,2025-07-08 13:33:11.933
/media/vsi-dev/Lacie_2/mndot_workzone_project/Hyundai/campaign/processed_json/segments/session_9/part_2/005009.json,45.1527433,-93.5051424,0.9687833357111584,91.35,81.17647058823529,85.49019607843137,95.46070460704607,79.369918699187,85.19,0.9227831054405049,0.9292571943489855,2025-07-08 13:33:11.966
/media/vsi-dev/Lacie_2/mndot_workzone_project/Hyundai/campaign/processed_json/segments/session_9/part_2/005010.json,45.1527496,-93.5051517,0.9704334030551546,90.08,71.76470588235294,84.70588235294117,19.071815718157183,79.13279132791328,81.32,0.942903531716163,0.9303071974263781,2025-07-08 13:33:12.000
/media/vsi-dev/Lacie_2/mndot_workzone_project/Hyundai/campaign/processed_json/segments/session_9/part_2/005011.json,45.1527559,-93.5051611,0.9691207408042318,91.54,81.96078431372548,85.49019607843137,94.74932249322492,84.34959349593495,85.54,0.9254858912998746,0.9306403700438146,2025-07-08 13:33:12.033
/media/vsi-dev/Lacie_2/mndot_workzone_project/Hyundai/campaign/processed_json/segments/session_9/part_2/005012.json,45.1527621,-93.5051704,0.9727652403079083,88.67,62.745098039215684,84.70588235294117,1.8631436314363143,83.19783197831978,77.67,0.9396283386466266,0.9294574684709732,2025-07-08 13:33:12.066
/media/vsi-dev/Lacie_2/mndot_workzone_project/Hyundai/campaign/processed_json/segments/session_9/part_2/005013.json,45.1527684,-93.5051797,0.9928258579038134,90.96,74.50980392156863,85.09803921568627,0.0,0.0,82.21,0.9360484922026905,0.9002980151421823,2025-07-08 13:33:12.100
/media/vsi-dev/Lacie_2/mndot_workzone_project/Hyundai/campaign/processed_json/segments/session_9/part_2/005014.json,45.1527747,-93.5051891,0.9954976660309716,92.38,84.70588235294117,85.49019607843137,49.830623306233065,28.895663956639567,86.17,0.9013979142243055,0.9078563004720005,2025-07-08 13:33:12.133
/media/vsi-dev/Lacie_2/mndot_workzone_project/Hyundai/campaign/processed_json/segments/session_9/part_2/005015.json,45.152781,-93.5051984,0.9996875488230391,92.14,78.03921568627452,85.88235294117646,1.2195121951219512,0.0,84.08,0.9431403128176886,0.908492569468803,2025-07-08 13:33:12.166
/media/vsi-dev/Lacie_2/mndot_workzone_project/Hyundai/campaign/processed_json/segments/session_9/part_2/005016.json,45.1527872,-93.5052077,0.9959581901895135,92.73,85.49019607843137,85.49019607843137,77.10027100271003,59.857723577235774,86.63,0.9140062289027397,0.909477263109443,2025-07-08 13:33:12.200
/media/vsi-dev/Lacie_2/mndot_workzone_project/Hyundai/campaign/processed_json/segments/session_9/part_2/005017.json,45.1527935,-93.505217,0.9999875000781246,92.1,78.03921568627452,85.49019607843137,10.433604336043361,0.0,83.94,0.9496464434957395,0.9032513439556367,2025-07-08 13:33:12.233
/media/vsi-dev/Lacie_2/mndot_workzone_project/Hyundai/campaign/processed_json/segments/session_9/part_2/005018.json,45.1527998,-93.5052264,0.9864797311051822,91.53,76.47058823529412,85.49019607843137,0.0,63.617886178861795,83.47,0.9501934439275459,0.9178817011859138,2025-07-08 13:33:12.266
/media/vsi-dev/Lacie_2/mndot_workzone_project/Hyundai/campaign/processed_json/segments/session_9/part_2/005019.json,45.152806,-93.5052357,0.9738967374550571,91.75,82.74509803921568,85.49019607843137,94.41056910569105,78.0149051490515,85.78,0.923419321608974,0.9248159742026432,2025-07-08 13:33:12.300
/media/vsi-dev/Lacie_2/mndot_workzone_project/Hyundai/campaign/processed_json/segments/session_9/part_2/005020.json,45.1528123,-93.505245,0.9690332544750109,90.06,72.15686274509804,84.70588235294117,4.539295392953929,79.74254742547426,81.46,0.9452052972160264,0.9257985736593228,2025-07-08 13:33:12.333
/media/vsi-dev/Lacie_2/mndot_workzone_project/Hyundai/campaign/processed_json/segments/session_9/part_2/005021.json,45.1528186,-93.5052544,0.9704334030551546,90.75,75.29411764705883,85.49019607843137,6.707317073170732,77.1680216802168,83.03,0.9450346951141838,0.9265693978200373,2025-07-08 13:33:12.366
/media/vsi-dev/Lacie_2/mndot_workzone_project/Hyundai/campaign/processed_json/segments/session_9/part_2/005022.json,45.1528249,-93.5052637,0.9687833357111584,91.7,83.13725490196079,85.49019607843137,100.0,73.06910569105692,86.0,0.9266253113776095,0.92799813728341,2025-07-08 13:33:12.400
/media/vsi-dev/Lacie_2/mndot_workzone_project/Hyundai/campaign/processed_json/segments/session_9/part_2/005023.json,45.1528311,-93.505273,0.9686209220161778,91.58,81.96078431372548,85.88235294117646,99.39024390243902,70.25745257452574,85.7,0.9269218996269486,0.9290331082603547,2025-07-08 13:33:12.433
/media/vsi-dev/Lacie_2/mndot_workzone_project/Hyundai/campaign/processed_json/segments/session_9/part_2/005024.json,45.1528374,-93.5052823,0.9686209220161778,90.5,73.72549019607844,85.49019607843137,21.138211382113823,81.19918699186992,82.46,0.9476049760917146,0.9294177106170795,2025-07-08 13:33:12.466
/media/vsi-dev/Lacie_2/mndot_workzone_project/Hyundai/campaign/processed_json/segments/session_9/part_2/005025.json,45.1528437,-93.5052917,0.9686209220161778,92.05,84.70588235294117,85.88235294117646,100.0,74.59349593495935,86.81,0.9255551544701213,0.9321035692312408,2025-07-08 13:33:12.500
/media/vsi-dev/Lacie_2/mndot_workzone_project/Hyundai/campaign/processed_json/segments/session_9/part_2/005026.json,45.15285,-93.505301,0.9692332344763441,90.86,76.86274509803923,84.31372549019608,28.353658536585364,77.87940379403794,83.26,0.9469555577770263,0.9321419022263197,2025-07-08 13:33:12.533
/media/vsi-dev/Lacie_2/mndot_workzone_project/Hyundai/campaign/processed_json/segments/session_9/part_2/005027.json,45.1528563,-93.5053102,0.9996875488230391,91.86,78.43137254901961,83.92156862745098,0.0,0.0,83.44,0.9339862920365319,0.9155494183328373,2025-07-08 13:33:12.566
/media/vsi-dev/Lacie_2/mndot_workzone_project/Hyundai/campaign/processed_json/segments/session_9/part_2/005028.json,45.1528626,-93.5053195,0.9959581901895135,92.37,83.52941176470588,86.27450980392157,57.113821138211385,29.369918699186993,86.04,0.9087742886193926,0.9028809685086944,2025-07-08 13:33:12.600
/media/vsi-dev/Lacie_2/mndot_workzone_project/Hyundai/campaign/processed_json/segments/session_9/part_2/005029.json,45.1528689,-93.5053287,0.9971914513728449,92.0,83.52941176470588,83.13725490196079,63.17750677506775,32.96070460704607,84.84,0.9085899923207268,0.909098125227107,2025-07-08 13:33:12.633
/media/vsi-dev/Lacie_2/mndot_workzone_project/Hyundai/campaign/processed_json/segments/session_9/part_2/005030.json,45.1528753,-93.505338,0.9880593620427125,92.29,83.92156862745098,85.88235294117646,93.12330623306234,42.953929539295395,86.21,0.9211157090611968,0.9076571890741456,2025-07-08 13:33:12.666
/media/vsi-dev/Lacie_2/mndot_workzone_project/Hyundai/campaign/processed_json/segments/session_9/part_2/005031.json,45.1528816,-93.5053473,0.9692332344763441,91.74,84.31372549019608,86.27450980392157,94.27506775067751,63.41463414634146,86.58,0.9203839850020008,0.913749629753876,2025-07-08 13:33:12.700
/media/vsi-dev/Lacie_2/mndot_workzone_project/Hyundai/campaign/processed_json/segments/session_9/part_2/005032.json,45.1528879,-93.5053565,0.9971914513728449,92.83,85.09803921568627,85.88235294117646,93.69918699186992,0.0,86.67,0.9191937491953712,0.9086878928879216,2025-07-08 13:33:12.733
/media/vsi-dev/Lacie_2/mndot_workzone_project/Hyundai/campaign/processed_json/segments/session_9/part_2/005033.json,45.1528942,-93.5053658,0.9928258579038134,91.48,74.90196078431373,85.88235294117646,27.879403794037938,0.0,82.92,0.9451861537883074,0.9149506770157741,2025-07-08 13:33:12.766
/media/vsi-dev/Lacie_2/mndot_workzone_project/Hyundai/campaign/processed_json/segments/session_9/part_2/005034.json,45.1529005,-93.5053751,0.9821119255343637,91.6,78.03921568627452,85.49019607843137,32.82520325203252,77.1680216802168,84.09,0.9476677482247969,0.9198448488646379,2025-07-08 13:33:12.800
/media/vsi-dev/Lacie_2/mndot_workzone_project/Hyundai/campaign/processed_json/segments/session_9/part_2/005035.json,45.1529069,-93.5053843,0.9771525479278598,91.94,82.74509803921568,85.09803921568627,100.0,1.321138211382114,85.71,0.9229832523588812,0.9341276055273391,2025-07-08 13:33:12.833
/media/vsi-dev/Lacie_2/mndot_workzone_project/Hyundai/campaign/processed_json/segments/session_9/part_2/005036.json,45.1529132,-93.5053936,0.9704334030551546,91.33,81.17647058823529,85.49019607843137,100.0,53.2520325203252,85.13,0.9254397001818514,0.9209110855321523,2025-07-08 13:33:12.866
/media/vsi-dev/Lacie_2/mndot_workzone_project/Hyundai/campaign/processed_json/segments/session_9/part_2/005037.json,45.1529195,-93.5054029,0.9690332544750109,91.51,83.13725490196079,85.49019607843137,100.0,48.204607046070464,85.86,0.9233338391368227,0.917610868841495,2025-07-08 13:33:12.900
/media/vsi-dev/Lacie_2/mndot_workzone_project/Hyundai/campaign/processed_json/segments/session_9/part_2/005038.json,45.1529258,-93.5054121,0.9691832357263233,91.36,80.3921568627451,86.27450980392157,100.0,71.7479674796748,85.19,0.9253552759658982,0.9266046752869994,2025-07-08 13:33:12.933
/media/vsi-dev/Lacie_2/mndot_workzone_project/Hyundai/campaign/processed_json/segments/session_9/part_2/005039.json,45.1529321,-93.5054214,0.9771525479278598,89.83,68.62745098039215,84.70588235294117,8.976964769647697,77.40514905149053,80.05,0.9472463346403125,0.9247105064558437,2025-07-08 13:33:12.966
/media/vsi-dev/Lacie_2/mndot_workzone_project/Hyundai/campaign/processed_json/segments/session_9/part_2/005040.json,45.1529385,-93.5054307,0.9781913242622374,90.87,74.11764705882354,85.49019607843137,34.89159891598916,77.64227642276423,82.56,0.9446929600607118,0.9271046184029756,2025-07-08 13:33:13.000
/media/vsi-dev/Lacie_2/mndot_workzone_project/Hyundai/campaign/processed_json/segments/session_9/part_2/005041.json,45.1529448,-93.5054399,0.9993876875398336,92.38,82.74509803921568,85.49019607843137,0.0,0.0,85.5,0.8999159091675442,0.9203825818131448,2025-07-08 13:33:13.033
/media/vsi-dev/Lacie_2/mndot_workzone_project/Hyundai/campaign/processed_json/segments/session_9/part_2/005042.json,45.1529511,-93.5054492,0.9915856009035505,91.78,79.6078431372549,86.27450980392157,89.3970189701897,24.085365853658537,84.62,0.9215373408963776,0.905560986801318,2025-07-08 13:33:13.066
/media/vsi-dev/Lacie_2/mndot_workzone_project/Hyundai/campaign/processed_json/segments/session_9/part_2/005043.json,45.1529574,-93.5054585,0.9998000199986667,92.37,84.31372549019608,85.88235294117646,12.974254742547425,0.0,86.04,0.8979275287905156,0.8985704918907861,2025-07-08 13:33:13.100
/media/vsi-dev/Lacie_2/mndot_workzone_project/Hyundai/campaign/processed_json/segments/session_9/part_2/005044.json,45.1529637,-93.5054677,0.9971914513728449,90.71,70.58823529411765,85.09803921568627,11.585365853658537,0.0,80.78,0.9450339362468766,0.9056617742535839,2025-07-08 13:33:13.133
/media/vsi-dev/Lacie_2/mndot_workzone_project/Hyundai/campaign/processed_json/segments/session_9/part_2/005045.json,45.15297,-93.505477,0.983033087191611,92.08,83.13725490196079,86.27450980392157,98.3739837398374,36.077235772357724,86.09,0.926071324416792,0.9063758629189624,2025-07-08 13:33:13.166
/media/vsi-dev/Lacie_2/mndot_workzone_project/Hyundai/campaign/processed_json/segments/session_9/part_2/005046.json,45.1529764,-93.5054863,0.9959581901895135,91.22,73.33333333333333,85.49019607843137,4.776422764227642,0.0,82.08,0.9471802540985832,0.9081222388590436,2025-07-08 13:33:13.200
/media/vsi-dev/Lacie_2/mndot_workzone_project/Hyundai/campaign/processed_json/segments/session_9/part_2/005047.json,45.1529827,-93.5054955,0.9950124791926823,91.28,73.33333333333333,85.49019607843137,18.495934959349594,54.20054200542005,82.15,0.9447340475963445,0.9174254448428664,2025-07-08 13:33:13.233
/media/vsi-dev/Lacie_2/mndot_workzone_project/Hyundai/campaign/processed_json/segments/session_9/part_2/005048.json,45.152989,-93.5055048,0.9954976660309716,92.66,82.74509803921568,86.27450980392157,93.76693766937669,57.21544715447154,86.03,0.9242033438811624,0.9184440227539548,2025-07-08 13:33:13.266
/media/vsi-dev/Lacie_2/mndot_workzone_project/Hyundai/campaign/processed_json/segments/session_9/part_2/005049.json,45.1529953,-93.5055141,0.983033087191611,91.7,79.6078431372549,86.27450980392157,100.0,52.201897018970186,84.81,0.9259048985595683,0.9197083003688957,2025-07-08 13:33:13.300
/media/vsi-dev/Lacie_2/mndot_workzone_project/Hyundai/campaign/processed_json/segments/session_9/part_2/005050.json,45.1530016,-93.5055233,0.9856539001953453,90.63,72.15686274509804,85.49019607843137,14.43089430894309,23.882113821138212,81.62,0.9462613206766981,0.9094764137045028,2025-07-08 13:33:13.333
/media/vsi-dev/Lacie_2/mndot_workzone_project/Hyundai/campaign/processed_json/segments/session_9/part_2/005051.json,45.153008,-93.5055326,0.9811670975774323,90.42,71.37254901960785,85.09803921568627,24.932249322493224,76.76151761517616,81.26,0.9437752340360235,0.923018554962091,2025-07-08 13:33:13.366
/media/vsi-dev/Lacie_2/mndot_workzone_project/Hyundai/campaign/processed_json/segments/session_9/part_2/005052.json,45.1530143,-93.5055418,0.9781913242622374,92.11,83.13725490196079,86.27450980392157,100.0,78.04878048780488,86.25,0.9223443218891986,0.9257647860250181,2025-07-08 13:33:13.400
/media/vsi-dev/Lacie_2/mndot_workzone_project/Hyundai/campaign/processed_json/segments/session_9/part_2/005053.json,45.1530206,-93.5055511,0.9738967374550571,88.96,64.31372549019608,84.70588235294117,7.6558265582655824,76.99864498644986,78.3,0.9418764597208386,0.9269570852566787,2025-07-08 13:33:13.433
/media/vsi-dev/Lacie_2/mndot_workzone_project/Hyundai/campaign/processed_json/segments/session_9/part_2/005054.json,45.1530269,-93.5055604,0.9704334030551546,89.63,70.19607843137254,85.09803921568627,0.0,65.4471544715447,80.67,0.9301822802467411,0.9247657785517379,2025-07-08 13:33:13.466
/media/vsi-dev/Lacie_2/mndot_workzone_project/Hyundai/campaign/processed_json/segments/session_9/part_2/005055.json,45.1530332,-93.5055696,0.9992003199146837,92.04,83.52941176470588,86.27450980392157,25.101626016260166,0.0,85.71,0.8947563315889435,0.8839824284039648,2025-07-08 13:33:13.500
/media/vsi-dev/Lacie_2/mndot_workzone_project/Hyundai/campaign/processed_json/segments/session_9/part_2/005056.json,45.1530396,-93.5055789,0.9999875000781246,92.37,84.31372549019608,86.27450980392157,45.59620596205962,6.605691056910569,86.15,0.8991322063837885,0.8923562015933153,2025-07-08 13:33:13.533
/media/vsi-dev/Lacie_2/mndot_workzone_project/Hyundai/campaign/processed_json/segments/session_9/part_2/005057.json,45.1530459,-93.5055882,0.9982016190284373,91.76,77.25490196078432,85.49019607843137,12.567750677506776,14.159891598915989,83.52,0.9441563268020449,0.8978107108320403,2025-07-08 13:33:13.566
/media/vsi-dev/Lacie_2/mndot_workzone_project/Hyundai/campaign/processed_json/segments/session_9/part_2/005058.json,45.1530522,-93.5055974,0.9950124791926823,90.26,70.19607843137254,84.70588235294117,0.0,33.60433604336043,80.3,0.9305112121521243,0.9032756915657185,2025-07-08 13:33:13.600
/media/vsi-dev/Lacie_2/mndot_workzone_project/Hyundai/campaign/processed_json/segments/session_9/part_2/005059.json,45.1530585,-93.5056067,0.9996875488230391,92.71,84.70588235294117,85.49019607843137,82.75745257452574,34.112466124661246,86.29,0.9166915811530811,0.9042831586040827,2025-07-08 13:33:13.633
/media/vsi-dev/Lacie_2/mndot_workzone_project/Hyundai/campaign/processed_json/segments/session_9/part_2/005060.json,45.1530648,-93.505616,0.9939682643982343,92.48,83.52941176470588,85.88235294117646,84.18021680216802,55.92818428184282,86.06,0.9187039965141146,0.9109531542474534,2025-07-08 13:33:13.666
/media/vsi-dev/Lacie_2/mndot_workzone_project/Hyundai/campaign/processed_json/segments/session_9/part_2/005061.json,45.1530712,-93.5056252,0.9999875000781246,91.8,74.90196078431373,85.88235294117646,9.89159891598916,0.0,82.94,0.9511008987102214,0.9115833674888638,2025-07-08 13:33:13.700
/media/vsi-dev/Lacie_2/mndot_workzone_project/Hyundai/campaign/processed_json/segments/session_9/part_2/005062.json,45.1530775,-93.5056345,0.9915856009035505,91.5,74.11764705882354,85.88235294117646,22.018970189701896,0.0,82.74,0.9432008285691404,0.9311541778772336,2025-07-08 13:33:13.733
/media/vsi-dev/Lacie_2/mndot_workzone_project/Hyundai/campaign/processed_json/segments/session_9/part_2/005063.json,45.1530838,-93.5056438,0.9880593620427125,91.14,73.72549019607844,85.49019607843137,18.021680216802167,57.75745257452575,82.36,0.9437977381840769,0.9237423517769845,2025-07-08 13:33:13.766
/media/vsi-dev/Lacie_2/mndot_workzone_project/Hyundai/campaign/processed_json/segments/session_9/part_2/005064.json,45.1530901,-93.505653,0.9750051752984178,91.79,83.13725490196079,84.70588235294117,94.51219512195121,68.93631436314364,85.66,0.9255596887344721,0.9271731281295118,2025-07-08 13:33:13.800
/media/vsi-dev/Lacie_2/mndot_workzone_project/Hyundai/campaign/processed_json/segments/session_9/part_2/005065.json,45.1530964,-93.5056623,0.9811670975774323,89.78,67.84313725490196,84.70588235294117,17.039295392953928,75.50813008130082,79.68,0.940934636555183,0.925029616478677,2025-07-08 13:33:13.833
/media/vsi-dev/Lacie_2/mndot_workzone_project/Hyundai/campaign/processed_json/segments/session_9/part_2/005066.json,45.1531028,-93.5056716,0.9771525479278598,91.59,80.0,85.88235294117646,93.42818428184282,76.08401084010839,84.9,0.9253887458082709,0.9293028349490362,2025-07-08 13:33:13.866
/media/vsi-dev/Lacie_2/mndot_workzone_project/Hyundai/campaign/processed_json/segments/session_9/part_2/005067.json,45.1531091,-93.5056808,0.9781913242622374,91.78,80.7843137254902,86.27450980392157,78.89566395663957,0.0,85.34,0.9252567004842628,0.9266419272321275,2025-07-08 13:33:13.900
/media/vsi-dev/Lacie_2/mndot_workzone_project/Hyundai/campaign/processed_json/segments/session_9/part_2/005068.json,45.1531154,-93.5056901,0.9692332344763441,91.48,83.52941176470588,86.27450980392157,27.066395663956637,77.98102981029811,86.17,0.8994980198749123,0.9248572113960035,2025-07-08 13:33:13.933
/media/vsi-dev/Lacie_2/mndot_workzone_project/Hyundai/campaign/processed_json/segments/session_9/part_2/005069.json,45.1531217,-93.5056994,0.9989880124051737,92.49,84.70588235294117,86.27450980392157,22.933604336043363,0.0,86.37,0.8876630349724152,0.9104088081689689,2025-07-08 13:33:13.966
/media/vsi-dev/Lacie_2/mndot_workzone_project/Hyundai/campaign/processed_json/segments/session_9/part_2/005070.json,45.153128,-93.5057086,0.9954976660309717,91.89,77.64705882352942,86.27450980392157,0.0,0.0,84.03,0.9336117370245938,0.9124255905177625,2025-07-08 13:33:14.000
/media/vsi-dev/Lacie_2/mndot_workzone_project/Hyundai/campaign/processed_json/segments/session_9/part_2/005071.json,45.1531343,-93.5057179,0.998488643251663,91.94,79.6078431372549,83.13725490196079,6.707317073170732,0.0,83.64,0.9405838527557012,0.9135004233667496,2025-07-08 13:33:14.033
/media/vsi-dev/Lacie_2/mndot_workzone_project/Hyundai/campaign/processed_json/segments/session_9/part_2/005072.json,45.1531407,-93.5057272,0.998488643251663,92.29,82.74509803921568,85.49019607843137,62.12737127371274,35.196476964769644,85.46,0.907190361276145,0.9093039279882251,2025-07-08 13:33:14.066
/media/vsi-dev/Lacie_2/mndot_workzone_project/Hyundai/campaign/processed_json/segments/session_9/part_2/005073.json,45.153147,-93.5057364,0.998488643251663,91.1,72.15686274509804,85.49019607843137,0.0,42.3780487804878,81.58,0.9438206142670416,0.908667300604497,2025-07-08 13:33:14.100
/media/vsi-dev/Lacie_2/mndot_workzone_project/Hyundai/campaign/processed_json/segments/session_9/part_2/005074.json,45.1531533,-93.5057457,0.9989880124051737,92.52,82.35294117647058,86.27450980392157,80.35230352303523,0.0,85.72,0.9192228845679786,0.9080679876358253,2025-07-08 13:33:14.133
/media/vsi-dev/Lacie_2/mndot_workzone_project/Hyundai/campaign/processed_json/segments/session_9/part_2/005075.json,45.1531596,-93.5057549,0.9950124791926823,91.82,75.68627450980392,86.27450980392157,16.429539295392953,67.31029810298102,83.43,0.9469239707685586,0.9175458766530297,2025-07-08 13:33:14.166
/media/vsi-dev/Lacie_2/mndot_workzone_project/Hyundai/campaign/processed_json/segments/session_9/part_2/005076.json,45.1531659,-93.5057642,0.983033087191611,92.16,82.35294117647058,86.27450980392157,93.25880758807588,69.10569105691057,85.92,0.9237007384268481,0.9233175958741995,2025-07-08 13:33:14.200
/media/vsi-dev/Lacie_2/mndot_workzone_project/Hyundai/campaign/processed_json/segments/session_9/part_2/005077.json,45.1531723,-93.5057735,0.9856539001953453,92.26,81.96078431372548,86.27450980392157,90.14227642276423,70.05420054200542,85.81,0.923789865147427,0.9274840986986731,2025-07-08 13:33:14.233
/media/vsi-dev/Lacie_2/mndot_workzone_project/Hyundai/campaign/processed_json/segments/session_9/part_2/005078.json,45.1531786,-93.5057827,0.9848041402180955,90.96,72.94117647058823,85.49019607843137,14.769647696476964,72.93360433604336,82.1,0.9443420102372702,0.9286206336598887,2025-07-08 13:33:14.266
/media/vsi-dev/Lacie_2/mndot_workzone_project/Hyundai/campaign/processed_json/segments/session_9/part_2/005079.json,45.1531849,-93.505792,0.9811670975774323,90.76,72.94117647058823,85.49019607843137,16.93766937669377,75.47425474254743,82.06,0.9431679235493192,0.925981950423095,2025-07-08 13:33:14.300
/media/vsi-dev/Lacie_2/mndot_workzone_project/Hyundai/campaign/processed_json/segments/session_9/part_2/005080.json,45.1531912,-93.5058013,0.9781913242622374,89.37,65.49019607843137,84.70588235294117,7.249322493224933,77.10027100271003,78.8,0.942115061714347,0.9296248500480182,2025-07-08 13:33:14.333
/media/vsi-dev/Lacie_2/mndot_workzone_project/Hyundai/campaign/processed_json/segments/session_9/part_2/005081.json,45.1531975,-93.5058105,0.9821119255343637,89.39,65.09803921568627,84.70588235294117,9.789972899728998,79.8780487804878,78.59,0.9382991922325994,0.9283023249179356,2025-07-08 13:33:14.366
/media/vsi-dev/Lacie_2/mndot_workzone_project/Hyundai/campaign/processed_json/segments/session_9/part_2/005082.json,45.1532039,-93.5058198,0.983033087191611,90.59,71.37254901960785,85.49019607843137,20.088075880758808,82.65582655826557,81.44,0.9412248394286314,0.928367060927936,2025-07-08 13:33:14.400
/media/vsi-dev/Lacie_2/mndot_workzone_project/Hyundai/campaign/processed_json/segments/session_9/part_2/005083.json,45.1532102,-93.5058291,0.9992003199146837,92.34,85.09803921568627,85.88235294117646,20.59620596205962,8.09620596205962,86.26,0.8879332066340457,0.8989852981822851,2025-07-08 13:33:14.433
/media/vsi-dev/Lacie_2/mndot_workzone_project/Hyundai/campaign/processed_json/segments/session_9/part_2/005084.json,45.1532165,-93.5058383,0.9902478635182347,91.67,82.35294117647058,85.49019607843137,26.25338753387534,29.640921409214094,85.14,0.89067749037832,0.9093290437791415,2025-07-08 13:33:14.466
/media/vsi-dev/Lacie_2/mndot_workzone_project/Hyundai/campaign/processed_json/segments/session_9/part_2/005085.json,45.1532228,-93.5058476,0.9954976660309717,91.42,76.07843137254902,85.49019607843137,0.0,0.0,83.02,0.939694498636331,0.8994086156418815,2025-07-08 13:33:14.500
/media/vsi-dev/Lacie_2/mndot_workzone_project/Hyundai/campaign/processed_json/segments/session_9/part_2/005086.json,45.1532291,-93.5058569,0.9996875488230391,92.47,83.52941176470588,85.49019607843137,56.57181571815718,0.0,85.78,0.9056641663853986,0.9112356552331766,2025-07-08 13:33:14.533
/media/vsi-dev/Lacie_2/mndot_workzone_project/Hyundai/campaign/processed_json/segments/session_9/part_2/005087.json,45.1532355,-93.5058661,1.0,92.56,83.92156862745098,85.49019607843137,62.12737127371274,46.138211382113816,85.95,0.9070795361996437,0.9111469637951342,2025-07-08 13:33:14.566
/media/vsi-dev/Lacie_2/mndot_workzone_project/Hyundai/campaign/processed_json/segments/session_9/part_2/005088.json,45.1532418,-93.5058754,0.9998000199986667,91.86,76.07843137254902,85.49019607843137,18.56368563685637,0.0,83.21,0.9412959935166921,0.9168977514779729,2025-07-08 13:33:14.600
/media/vsi-dev/Lacie_2/mndot_workzone_project/Hyundai/campaign/processed_json/segments/session_9/part_2/005089.json,45.1532481,-93.5058847,0.998488643251663,91.65,74.50980392156863,85.49019607843137,8.976964769647697,65.65040650406505,82.65,0.9457009032979937,0.9197817571145545,2025-07-08 13:33:14.633
/media/vsi-dev/Lacie_2/mndot_workzone_project/Hyundai/campaign/processed_json/segments/session_9/part_2/005090.json,45.1532544,-93.5058939,0.9915856009035505,91.2,72.94117647058823,85.49019607843137,11.38211382113821,76.65989159891599,82.08,0.9451981770403163,0.9255418025292312,2025-07-08 13:33:14.666
/media/vsi-dev/Lacie_2/mndot_workzone_project/Hyundai/campaign/processed_json/segments/session_9/part_2/005091.json,45.1532607,-93.5059032,0.9909288930014639,91.34,73.72549019607844,85.49019607843137,7.6558265582655824,75.94850948509485,82.42,0.9449612709155503,0.9282904584167777,2025-07-08 13:33:14.700
/media/vsi-dev/Lacie_2/mndot_workzone_project/Hyundai/campaign/processed_json/segments/session_9/part_2/005092.json,45.153267,-93.5059125,0.9856539001953453,90.2,68.62745098039215,85.09803921568627,8.197831978319783,78.89566395663957,80.19,0.9396436366478875,0.9298903254745686,2025-07-08 13:33:14.733
/media/vsi-dev/Lacie_2/mndot_workzone_project/Hyundai/campaign/processed_json/segments/session_9/part_2/005093.json,45.1532734,-93.5059217,0.9821119255343637,92.23,82.74509803921568,86.27450980392157,79.3360433604336,80.6910569105691,86.11,0.9201161761802868,0.92966867936872,2025-07-08 13:33:14.766
/media/vsi-dev/Lacie_2/mndot_workzone_project/Hyundai/campaign/processed_json/segments/session_9/part_2/005094.json,45.1532797,-93.505931,0.9792067244089037,91.71,80.7843137254902,85.49019607843137,93.97018970189703,81.94444444444444,85.04,0.9247541577745857,0.9280573581047266,2025-07-08 13:33:14.800
/media/vsi-dev/Lacie_2/mndot_workzone_project/Hyundai/campaign/processed_json/segments/session_9/part_2/005095.json,45.153286,-93.5059403,0.9856539001953453,89.91,67.45098039215686,84.70588235294117,7.215447154471545,83.73983739837398,79.53,0.9391670675288681,0.9279991886618009,2025-07-08 13:33:14.833
/media/vsi-dev/Lacie_2/mndot_workzone_project/Hyundai/campaign/processed_json/segments/session_9/part_2/005096.json,45.1532923,-93.5059495,0.9909288930014639,92.32,84.31372549019608,84.31372549019608,59.586720867208676,84.28184281842819,85.81,0.9062014477422389,0.9296076859320789,2025-07-08 13:33:14.866
/media/vsi-dev/Lacie_2/mndot_workzone_project/Hyundai/campaign/processed_json/segments/session_9/part_2/005097.json,45.1532986,-93.5059588,0.9674348535047814,90.76,79.2156862745098,85.49019607843137,3.2520325203252036,12.940379403794038,84.25,0.9333574652074967,0.9030432549666222,2025-07-08 13:33:14.900
/media/vsi-dev/Lacie_2/mndot_workzone_project/Hyundai/campaign/processed_json/segments/session_9/part_2/005098.json,45.153305,-93.505968,0.9959581901895135,92.04,83.52941176470588,85.49019607843137,34.383468834688344,16.59891598915989,85.58,0.8955497767654694,0.9015544125908973,2025-07-08 13:33:14.933
/media/vsi-dev/Lacie_2/mndot_workzone_project/Hyundai/campaign/processed_json/segments/session_9/part_2/005099.json,45.1533113,-93.5059773,0.9968051145430329,92.17,83.13725490196079,85.88235294117646,40.95528455284553,51.96476964769647,85.64,0.8935636929272551,0.9101287181628192,2025-07-08 13:33:14.966
/media/vsi-dev/Lacie_2/mndot_workzone_project/Hyundai/campaign/processed_json/segments/session_9/part_2/005100.json,45.1533176,-93.5059866,0.9909288930014639,92.23,83.13725490196079,85.49019607843137,62.66937669376694,60.670731707317074,85.75,0.91117231904224,0.9184336941843844,2025-07-08 13:33:15.000
/media/vsi-dev/Lacie_2/mndot_workzone_project/Hyundai/campaign/processed_json/segments/session_9/part_2/005101.json,45.1533239,-93.5059958,0.9968051145430329,92.42,82.74509803921568,85.49019607843137,69.71544715447155,46.71409214092141,85.6,0.9136920927479644,0.917282451133712,2025-07-08 13:33:15.033
/media/vsi-dev/Lacie_2/mndot_workzone_project/Hyundai/campaign/processed_json/segments/session_9/part_2/005102.json,45.1533302,-93.5060051,0.9939682643982343,92.34,82.35294117647058,85.49019607843137,80.86043360433605,67.61517615176152,85.51,0.9177686297519079,0.9197379654500174,2025-07-08 13:33:15.066
/media/vsi-dev/Lacie_2/mndot_workzone_project/Hyundai/campaign/processed_json/segments/session_9/part_2/005103.json,45.1533366,-93.5060144,0.9864797311051822,92.09,82.74509803921568,85.49019607843137,81.70731707317073,73.61111111111111,85.66,0.9166591041061347,0.9203662902965581,2025-07-08 13:33:15.100
/media/vsi-dev/Lacie_2/mndot_workzone_project/Hyundai/campaign/processed_json/segments/session_9/part_2/005104.json,45.1533429,-93.5060236,0.988813044611233,90.49,69.80392156862744,85.09803921568627,4.4376693766937665,74.01761517615176,80.64,0.943358324422729,0.9248408001075616,2025-07-08 13:33:15.133
/media/vsi-dev/Lacie_2/mndot_workzone_project/Hyundai/campaign/processed_json/segments/session_9/part_2/005105.json,45.1533492,-93.5060329,0.9848041402180955,92.0,81.96078431372548,85.09803921568627,77.30352303523034,78.76016260162602,85.31,0.9183732942346576,0.9304586985204328,2025-07-08 13:33:15.166
/media/vsi-dev/Lacie_2/mndot_workzone_project/Hyundai/campaign/processed_json/segments/session_9/part_2/005106.json,45.1533555,-93.5060422,0.9692332344763441,91.29,80.7843137254902,85.49019607843137,85.67073170731707,78.5230352303523,85.02,0.9222741147216732,0.9290617514860647,2025-07-08 13:33:15.200
/media/vsi-dev/Lacie_2/mndot_workzone_project/Hyundai/campaign/processed_json/segments/session_9/part_2/005107.json,45.1533618,-93.5060514,0.9781913242622374,89.86,68.62745098039215,84.70588235294117,6.097560975609756,81.84281842818429,80.04,0.9436018821171874,0.927564373000179,2025-07-08 13:33:15.233
/media/vsi-dev/Lacie_2/mndot_workzone_project/Hyundai/campaign/processed_json/segments/session_9/part_2/005108.json,45.1533682,-93.5060607,0.9781913242622374,88.94,63.52941176470588,83.92156862745098,0.0,77.37127371273714,77.71,0.9415002289856507,0.9315505039703387,2025-07-08 13:33:15.266
/media/vsi-dev/Lacie_2/mndot_workzone_project/Hyundai/campaign/processed_json/segments/session_9/part_2/005109.json,45.1533745,-93.50607,0.9727652403079083,91.34,79.6078431372549,85.88235294117646,88.14363143631437,82.55420054200542,84.73,0.9239423921876333,0.9298252879226825,2025-07-08 13:33:15.300
/media/vsi-dev/Lacie_2/mndot_workzone_project/Hyundai/campaign/processed_json/segments/session_9/part_2/005110.json,45.1533808,-93.5060792,0.9848041402180955,89.22,63.13725490196078,84.70588235294117,0.0,88.07588075880759,77.83,0.9397104443799548,0.9299024746973562,2025-07-08 13:33:15.333
/media/vsi-dev/Lacie_2/mndot_workzone_project/Hyundai/campaign/processed_json/segments/session_9/part_2/005111.json,45.1533871,-93.5060885,0.9998875063278877,92.15,83.92156862745098,84.70588235294117,20.833333333333336,34.552845528455286,85.43,0.8832896035622951,0.914943334687987,2025-07-08 13:33:15.366
/media/vsi-dev/Lacie_2/mndot_workzone_project/Hyundai/campaign/processed_json/segments/session_9/part_2/005112.json,45.1533934,-93.5060978,0.9996875488230391,92.07,83.13725490196079,85.09803921568627,23.340108401084013,0.0,85.27,0.8876403081045089,0.9101278358219365,2025-07-08 13:33:15.400
/media/vsi-dev/Lacie_2/mndot_workzone_project/Hyundai/campaign/processed_json/segments/session_9/part_2/005113.json,45.1533997,-93.506107,0.9993876875398336,92.31,82.74509803921568,85.49019607843137,41.361788617886184,0.0,85.45,0.8977076274393876,0.9181976979883228,2025-07-08 13:33:15.433
/media/vsi-dev/Lacie_2/mndot_workzone_project/Hyundai/campaign/processed_json/segments/session_9/part_2/005114.json,45.1534061,-93.5061163,0.9996875488230391,92.21,82.35294117647058,85.49019607843137,45.765582655826556,0.0,85.26,0.9010685875258642,0.9112480465872543,2025-07-08 13:33:15.466
/media/vsi-dev/Lacie_2/mndot_workzone_project/Hyundai/campaign/processed_json/segments/session_9/part_2/005115.json,45.1534124,-93.5061256,0.9996875488230391,91.37,74.11764705882354,85.49019607843137,0.06775067750677506,29.166666666666668,82.3,0.9354576445575814,0.9104476039998878,2025-07-08 13:33:15.500
/media/vsi-dev/Lacie_2/mndot_workzone_project/Hyundai/campaign/processed_json/segments/session_9/part_2/005116.json,45.1534187,-93.5061348,0.9928258579038134,92.13,82.74509803921568,83.52941176470588,72.01897018970189,83.1639566395664,84.95,0.9165457898667744,0.9274437210749421,2025-07-08 13:33:15.533
/media/vsi-dev/Lacie_2/mndot_workzone_project/Hyundai/campaign/processed_json/segments/session_9/part_2/005117.json,45.153425,-93.5061441,0.9959581901895135,92.62,83.13725490196079,85.49019607843137,74.39024390243902,80.89430894308943,85.88,0.9155143441742348,0.92717176332642,2025-07-08 13:33:15.566
/media/vsi-dev/Lacie_2/mndot_workzone_project/Hyundai/campaign/processed_json/segments/session_9/part_2/005118.json,45.1534313,-93.5061534,0.9915856009035505,92.48,82.74509803921568,85.09803921568627,73.3739837398374,2.540650406504065,85.68,0.9197070598111154,0.934349249612368,2025-07-08 13:33:15.600
/media/vsi-dev/Lacie_2/mndot_workzone_project/Hyundai/campaign/processed_json/segments/session_9/part_2/005119.json,45.1534377,-93.5061626,0.9915856009035505,90.51,69.01960784313725,84.70588235294117,4.539295392953929,21.17208672086721,80.24,0.9397133440480819,0.9355125043803387,2025-07-08 13:33:15.633
/media/vsi-dev/Lacie_2/mndot_workzone_project/Hyundai/campaign/processed_json/segments/session_9/part_2/005120.json,45.153444,-93.5061719,0.9811670975774323,91.81,80.7843137254902,85.49019607843137,81.43631436314364,81.13143631436314,85.05,0.9223884459360099,0.9318718844935666,2025-07-08 13:33:15.666
/media/vsi-dev/Lacie_2/mndot_workzone_project/Hyundai/campaign/processed_json/segments/session_9/part_2/005121.json,45.1534503,-93.5061812,0.9750051752984178,91.53,80.7843137254902,85.49019607843137,70.9349593495935,79.94579945799458,85.03,0.9199491868358192,0.9319427881526955,2025-07-08 13:33:15.700
/media/vsi-dev/Lacie_2/mndot_workzone_project/Hyundai/campaign/processed_json/segments/session_9/part_2/005122.json,45.1534566,-93.5061904,0.9821119255343637,89.11,63.52941176470588,83.92156862745098,0.0,79.60704607046071,77.72,0.9395594779980798,0.9340284581578588,2025-07-08 13:33:15.733
/media/vsi-dev/Lacie_2/mndot_workzone_project/Hyundai/campaign/processed_json/segments/session_9/part_2/005123.json,45.1534629,-93.5061997,0.9821119255343637,91.6,80.0,84.70588235294117,84.89159891598916,83.90921409214093,84.43,0.921213662521061,0.9335258162905173,2025-07-08 13:33:15.766
/media/vsi-dev/Lacie_2/mndot_workzone_project/Hyundai/campaign/processed_json/segments/session_9/part_2/005124.json,45.1534693,-93.5062089,0.983033087191611,91.72,82.35294117647058,82.74509803921568,86.1788617886179,83.46883468834689,84.6,0.9226074717810525,0.9337142762373503,2025-07-08 13:33:15.800
/media/vsi-dev/Lacie_2/mndot_workzone_project/Hyundai/campaign/processed_json/segments/session_9/part_2/005125.json,45.1534756,-93.5062182,0.9915856009035505,91.46,81.17647058823529,84.70588235294117,24.01761517615176,29.979674796747968,84.39,0.8914020716424091,0.9125439233704234,2025-07-08 13:33:15.833
/media/vsi-dev/Lacie_2/mndot_workzone_project/Hyundai/campaign/processed_json/segments/session_9/part_2/005126.json,45.1534819,-93.5062275,0.9968051145430329,91.99,82.35294117647058,84.70588235294117,33.299457994579946,33.4349593495935,84.96,0.8988613082253348,0.9144875082017336,2025-07-08 13:33:15.866
/media/vsi-dev/Lacie_2/mndot_workzone_project/Hyundai/campaign/processed_json/segments/session_9/part_2/005127.json,45.1534882,-93.5062367,0.9975529988004797,92.3,83.13725490196079,85.49019607843137,38.5840108401084,38.482384823848236,85.61,0.9008940542698454,0.914817085476171,2025-07-08 13:33:15.900
/media/vsi-dev/Lacie_2/mndot_workzone_project/Hyundai/campaign/processed_json/segments/session_9/part_2/005128.json,45.1534945,-93.506246,0.9982016190284373,92.25,82.35294117647058,85.49019607843137,48.84823848238483,37.296747967479675,85.33,0.9038467881039233,0.9154391657149786,2025-07-08 13:33:15.933
/media/vsi-dev/Lacie_2/mndot_workzone_project/Hyundai/campaign/processed_json/segments/session_9/part_2/005129.json,45.1535008,-93.5062553,0.998488643251663,91.28,73.72549019607844,84.70588235294117,0.0,50.101626016260155,81.94,0.9363239401953648,0.9203052548396343,2025-07-08 13:33:15.966
/media/vsi-dev/Lacie_2/mndot_workzone_project/Hyundai/campaign/processed_json/segments/session_9/part_2/005130.json,45.1535071,-93.5062646,0.9993876875398336,91.7,74.90196078431373,84.70588235294117,3.6246612466124666,0.0,82.55,0.9464453661176463,0.9242008000900872,2025-07-08 13:33:16.000
/media/vsi-dev/Lacie_2/mndot_workzone_project/Hyundai/campaign/processed_json/segments/session_9/part_2/005131.json,45.1535134,-93.5062739,0.9993876875398336,92.18,77.64705882352942,83.92156862745098,15.040650406504067,0.0,83.45,0.9449066724656229,0.937645769362054,2025-07-08 13:33:16.033
/media/vsi-dev/Lacie_2/mndot_workzone_project/Hyundai/campaign/processed_json/segments/session_9/part_2/005132.json,45.1535197,-93.5062832,0.9971914513728449,91.43,73.72549019607844,83.92156862745098,7.825203252032519,3.1504065040650406,81.86,0.9441581402798833,0.9358561971373988,2025-07-08 13:33:16.066
/media/vsi-dev/Lacie_2/mndot_workzone_project/Hyundai/campaign/processed_json/segments/session_9/part_2/005133.json,45.153526,-93.5062925,0.9864797311051822,90.16,69.01960784313725,83.92156862745098,7.791327913279132,80.38617886178862,79.91,0.94079820325664,0.932989133142962,2025-07-08 13:33:16.100
/media/vsi-dev/Lacie_2/mndot_workzone_project/Hyundai/campaign/processed_json/segments/session_9/part_2/005134.json,45.1535323,-93.5063018,0.9792067244089037,91.51,80.3921568627451,84.31372549019608,77.1680216802168,80.75880758807588,84.44,0.9236049587253774,0.9324736233357621,2025-07-08 13:33:16.133
/media/vsi-dev/Lacie_2/mndot_workzone_project/Hyundai/campaign/processed_json/segments/session_9/part_2/005135.json,45.1535386,-93.5063111,0.988813044611233,90.54,69.80392156862744,84.70588235294117,0.0,7.723577235772358,80.57,0.9422488834263297,0.9341574560123278,2025-07-08 13:33:16.166
/media/vsi-dev/Lacie_2/mndot_workzone_project/Hyundai/campaign/processed_json/segments/session_9/part_2/005136.json,45.1535449,-93.5063203,0.9781913242622374,91.38,80.0,84.31372549019608,71.03658536585365,83.73983739837398,84.27,0.9213150696586934,0.9329292170095426,2025-07-08 13:33:16.200
/media/vsi-dev/Lacie_2/mndot_workzone_project/Hyundai/campaign/processed_json/segments/session_9/part_2/005137.json,45.1535512,-93.5063296,0.9848041402180955,91.51,79.6078431372549,83.92156862745098,86.6869918699187,84.92547425474255,83.95,0.9215282780969097,0.932682019944962,2025-07-08 13:33:16.233
/media/vsi-dev/Lacie_2/mndot_workzone_project/Hyundai/campaign/processed_json/segments/session_9/part_2/005138.json,45.1535575,-93.5063389,0.983033087191611,91.87,81.96078431372548,84.31372549019608,80.92818428184282,87.16124661246613,85.04,0.9199797498635225,0.9329711957412575,2025-07-08 13:33:16.266
/media/vsi-dev/Lacie_2/mndot_workzone_project/Hyundai/campaign/processed_json/segments/session_9/part_2/005139.json,45.1535638,-93.5063482,0.9998000199986667,92.32,83.13725490196079,84.70588235294117,19.275067750677508,0.0,85.33,0.8904079032151881,0.9289434958810799,2025-07-08 13:33:16.300
/media/vsi-dev/Lacie_2/mndot_workzone_project/Hyundai/campaign/processed_json/segments/session_9/part_2/005140.json,45.1535701,-93.5063575,0.9864797311051822,91.77,83.13725490196079,84.70588235294117,31.537940379403796,59.586720867208676,85.32,0.897737767204057,0.9203726337133478,2025-07-08 13:33:16.333
/media/vsi-dev/Lacie_2/mndot_workzone_project/Hyundai/campaign/processed_json/segments/session_9/part_2/005141.json,45.1535764,-93.5063668,0.9971914513728449,92.06,82.74509803921568,84.70588235294117,42.41192411924119,37.330623306233065,85.11,0.9018786945212798,0.9112789577851955,2025-07-08 13:33:16.366
/media/vsi-dev/Lacie_2/mndot_workzone_project/Hyundai/campaign/processed_json/segments/session_9/part_2/005142.json,45.1535827,-93.5063761,0.988813044611233,91.8,82.74509803921568,84.70588235294117,51.79539295392954,57.18157181571816,85.16,0.9032867035272064,0.9151530654874249,2025-07-08 13:33:16.400
/media/vsi-dev/Lacie_2/mndot_workzone_project/Hyundai/campaign/processed_json/segments/session_9/part_2/005143.json,45.153589,-93.5063854,0.9934093144689159,91.32,74.90196078431373,83.92156862745098,7.825203252032519,76.93089430894308,82.22,0.9413030320605209,0.9277934560758254,2025-07-08 13:33:16.433
/media/vsi-dev/Lacie_2/mndot_workzone_project/Hyundai/campaign/processed_json/segments/session_9/part_2/005144.json,45.1535953,-93.5063947,0.9915856009035505,91.88,81.96078431372548,83.52941176470588,70.630081300813,77.30352303523034,84.58,0.9155848909365074,0.923282419649785,2025-07-08 13:33:16.466
/media/vsi-dev/Lacie_2/mndot_workzone_project/Hyundai/campaign/processed_json/segments/session_9/part_2/005145.json,45.1536016,-93.5064039,0.9950124791926823,92.4,83.13725490196079,83.92156862745098,78.42140921409214,0.0,85.3,0.9178367192817608,0.9299031005066641,2025-07-08 13:33:16.500
/media/vsi-dev/Lacie_2/mndot_workzone_project/Hyundai/campaign/processed_json/segments/session_9/part_2/005146.json,45.1536079,-93.5064132,0.9971914513728449,91.76,74.90196078431373,84.70588235294117,0.0,0.0,82.65,0.9512588365661314,0.9294777962488713,2025-07-08 13:33:16.533
/media/vsi-dev/Lacie_2/mndot_workzone_project/Hyundai/campaign/processed_json/segments/session_9/part_2/005147.json,45.1536142,-93.5064225,0.988813044611233,90.9,72.15686274509804,84.70588235294117,1.9986449864498645,73.23848238482384,81.5,0.9460885220391937,0.9289220754695816,2025-07-08 13:33:16.566
/media/vsi-dev/Lacie_2/mndot_workzone_project/Hyundai/campaign/processed_json/segments/session_9/part_2/005148.json,45.1536206,-93.5064318,0.9934093144689159,90.47,69.01960784313725,83.92156862745098,1.8970189701897018,33.16395663956639,79.94,0.9433930883232708,0.9325249524405193,2025-07-08 13:33:16.600
/media/vsi-dev/Lacie_2/mndot_workzone_project/Hyundai/campaign/processed_json/segments/session_9/part_2/005149.json,45.1536269,-93.5064411,0.9848041402180955,92.0,81.96078431372548,84.70588235294117,72.01897018970189,81.5040650406504,85.2,0.9210477121979715,0.9318149793798433,2025-07-08 13:33:16.633
/media/vsi-dev/Lacie_2/mndot_workzone_project/Hyundai/campaign/processed_json/segments/session_9/part_2/005150.json,45.1536332,-93.5064504,0.9848041402180955,90.07,68.62745098039215,83.92156862745098,6.233062330623306,86.41598915989161,79.78,0.943764483710391,0.9325290147976326,2025-07-08 13:33:16.666
/media/vsi-dev/Lacie_2/mndot_workzone_project/Hyundai/campaign/processed_json/segments/session_9/part_2/005151.json,45.1536395,-93.5064597,0.9880593620427125,89.89,67.84313725490196,83.13725490196079,5.7588075880758804,85.02710027100271,79.11,0.9396647161584938,0.9322702168012479,2025-07-08 13:33:16.700
/media/vsi-dev/Lacie_2/mndot_workzone_project/Hyundai/campaign/processed_json/segments/session_9/part_2/005152.json,45.1536458,-93.506469,0.9848041402180955,91.41,80.0,82.74509803921568,86.75474254742548,83.36720867208672,83.65,0.9215406470190355,0.9338030628542052,2025-07-08 13:33:16.733
/media/vsi-dev/Lacie_2/mndot_workzone_project/Hyundai/campaign/processed_json/segments/session_9/part_2/005153.json,45.1536521,-93.5064783,0.9928258579038134,91.32,80.3921568627451,84.70588235294117,25.135501355013552,42.20867208672087,84.03,0.8872865542143129,0.9121427180066725,2025-07-08 13:33:16.766
/media/vsi-dev/Lacie_2/mndot_workzone_project/Hyundai/campaign/processed_json/segments/session_9/part_2/005154.json,45.1536584,-93.5064876,0.988813044611233,91.59,82.74509803921568,84.70588235294117,28.387533875338754,41.83604336043361,85.01,0.8910943461218844,0.9119762397219758,2025-07-08 13:33:16.800
/media/vsi-dev/Lacie_2/mndot_workzone_project/Hyundai/campaign/processed_json/segments/session_9/part_2/005155.json,45.1536647,-93.5064968,0.9975529988004797,91.29,74.50980392156863,84.70588235294117,0.0,50.101626016260155,82.2,0.9402440919596738,0.9107265827601552,2025-07-08 13:33:16.833
/media/vsi-dev/Lacie_2/mndot_workzone_project/Hyundai/campaign/processed_json/segments/session_9/part_2/005156.json,45.153671,-93.5065061,0.9821119255343637,91.73,82.74509803921568,85.49019607843137,53.2520325203252,80.79268292682927,85.53,0.899883146152568,0.9239439163241223,2025-07-08 13:33:16.866
/media/vsi-dev/Lacie_2/mndot_workzone_project/Hyundai/campaign/processed_json/segments/session_9/part_2/005157.json,45.1536773,-93.5065154,0.9954976660309716,92.36,83.13725490196079,85.49019607843137,74.15311653116531,59.010840108401084,85.71,0.9103881602996491,0.9150458836731992,2025-07-08 13:33:16.900
/media/vsi-dev/Lacie_2/mndot_workzone_project/Hyundai/campaign/processed_json/segments/session_9/part_2/005158.json,45.1536836,-93.5065247,0.9915856009035505,91.3,74.50980392156863,84.70588235294117,12.804878048780488,82.82520325203252,82.37,0.9443894085656718,0.9243045622805132,2025-07-08 13:33:16.933
/media/vsi-dev/Lacie_2/mndot_workzone_project/Hyundai/campaign/processed_json/segments/session_9/part_2/005159.json,45.1536899,-93.506534,0.9934093144689159,92.29,82.35294117647058,85.09803921568627,82.75745257452574,82.52032520325203,85.38,0.9169077318366057,0.9230304407871408,2025-07-08 13:33:16.966
/media/vsi-dev/Lacie_2/mndot_workzone_project/Hyundai/campaign/processed_json/segments/session_9/part_2/005160.json,45.1536962,-93.5065433,0.9928258579038134,91.43,74.50980392156863,84.70588235294117,13.143631436314362,80.25067750677508,82.43,0.9458766016025352,0.9282705606745245,2025-07-08 13:33:17.000
/media/vsi-dev/Lacie_2/mndot_workzone_project/Hyundai/campaign/processed_json/segments/session_9/part_2/005161.json,45.1537025,-93.5065526,0.9821119255343637,91.79,81.17647058823529,84.31372549019608,90.58265582655827,17.649051490514907,84.79,0.922529211074987,0.9365950822185279,2025-07-08 13:33:17.033
/media/vsi-dev/Lacie_2/mndot_workzone_project/Hyundai/campaign/processed_json/segments/session_9/part_2/005162.json,45.1537088,-93.5065619,0.9811670975774323,91.56,80.7843137254902,83.92156862745098,87.83875338753387,80.86043360433605,84.42,0.9232769963327241,0.9309764735608574,2025-07-08 13:33:17.066
/media/vsi-dev/Lacie_2/mndot_workzone_project/Hyundai/campaign/processed_json/segments/session_9/part_2/005163.json,45.1537151,-93.5065712,0.9864797311051822,90.59,70.98039215686275,84.70588235294117,2.2018970189701896,75.10162601626016,81.0,0.942580796146811,0.9301654919396702,2025-07-08 13:33:17.100
/media/vsi-dev/Lacie_2/mndot_workzone_project/Hyundai/campaign/processed_json/segments/session_9/part_2/005164.json,45.1537214,-93.5065804,0.9781913242622374,91.65,81.17647058823529,84.70588235294117,86.55149051490515,81.36856368563686,84.91,0.9243779422499939,0.9312510211719521,2025-07-08 13:33:17.133
/media/vsi-dev/Lacie_2/mndot_workzone_project/Hyundai/campaign/processed_json/segments/session_9/part_2/005165.json,45.1537277,-93.5065897,0.983033087191611,91.74,80.3921568627451,85.09803921568627,90.37940379403794,84.34959349593495,84.73,0.9233725628308814,0.9295680882249854,2025-07-08 13:33:17.166
/media/vsi-dev/Lacie_2/mndot_workzone_project/Hyundai/campaign/processed_json/segments/session_9/part_2/005166.json,45.153734,-93.506599,0.9880593620427125,92.12,82.74509803921568,85.49019607843137,44.03794037940379,84.28184281842819,85.64,0.9052151526582104,0.9289024815016023,2025-07-08 13:33:17.200
/media/vsi-dev/Lacie_2/mndot_workzone_project/Hyundai/campaign/processed_json/segments/session_9/part_2/005167.json,45.1537403,-93.5066083,0.9993876875398336,92.08,82.74509803921568,85.49019607843137,28.42140921409214,31.978319783197833,85.28,0.8910236808109463,0.9078775053957271,2025-07-08 13:33:17.233
/media/vsi-dev/Lacie_2/mndot_workzone_project/Hyundai/campaign/processed_json/segments/session_9/part_2/005168.json,45.1537466,-93.5066176,0.9934093144689159,91.91,82.74509803921568,84.70588235294117,38.956639566395665,42.581300813008134,85.11,0.9000274446864223,0.9128876050356798,2025-07-08 13:33:17.266
/media/vsi-dev/Lacie_2/mndot_workzone_project/Hyundai/campaign/processed_json/segments/session_9/part_2/005169.json,45.1537529,-93.5066269,0.9996875488230391,91.81,77.25490196078432,84.70588235294117,9.214092140921409,51.6260162601626,83.29,0.9375656195888804,0.913496348743177,2025-07-08 13:33:17.300
/media/vsi-dev/Lacie_2/mndot_workzone_project/Hyundai/campaign/processed_json/segments/session_9/part_2/005170.json,45.1537592,-93.5066362,0.9928258579038134,91.53,76.47058823529412,83.92156862745098,16.294037940379404,78.11653116531166,82.84,0.9440695069036869,0.9240942336431289,2025-07-08 13:33:17.333
/media/vsi-dev/Lacie_2/mndot_workzone_project/Hyundai/campaign/processed_json/segments/session_9/part_2/005171.json,45.1537655,-93.5066455,0.998488643251663,92.36,82.74509803921568,83.92156862745098,74.11924119241192,0.0,85.06,0.9162542560741436,0.922932957724885,2025-07-08 13:33:17.366
/media/vsi-dev/Lacie_2/mndot_workzone_project/Hyundai/campaign/processed_json/segments/session_9/part_2/005172.json,45.1537718,-93.5066548,0.9909288930014639,91.12,74.50980392156863,83.92156862745098,14.02439024390244,75.0,82.04,0.9466517497947651,0.9201987668736561,2025-07-08 13:33:17.400
/media/vsi-dev/Lacie_2/mndot_workzone_project/Hyundai/campaign/processed_json/segments/session_9/part_2/005173.json,45.1537781,-93.506664,0.9968051145430329,91.53,75.68627450980392,83.92156862745098,26.456639566395662,0.0,82.5,0.9436268606569681,0.9218157355999222,2025-07-08 13:33:17.433
/media/vsi-dev/Lacie_2/mndot_workzone_project/Hyundai/campaign/processed_json/segments/session_9/part_2/005174.json,45.1537844,-93.5066733,0.9968051145430329,91.44,74.90196078431373,83.92156862745098,10.399728997289973,10.569105691056912,82.21,0.944799123609678,0.9235436508066786,2025-07-08 13:33:17.466
/media/vsi-dev/Lacie_2/mndot_workzone_project/Hyundai/campaign/processed_json/segments/session_9/part_2/005175.json,45.1537907,-93.5066826,0.9792067244089037,91.46,80.7843137254902,83.92156862745098,95.15582655826557,77.1680216802168,84.41,0.924503863280886,0.9284957492849333,2025-07-08 13:33:17.500
/media/vsi-dev/Lacie_2/mndot_workzone_project/Hyundai/campaign/processed_json/segments/session_9/part_2/005176.json,45.153797,-93.5066919,0.983033087191611,90.62,72.94117647058823,83.92156862745098,13.617886178861788,77.30352303523034,81.46,0.9444427938103269,0.9270497555223539,2025-07-08 13:33:17.533
/media/vsi-dev/Lacie_2/mndot_workzone_project/Hyundai/campaign/processed_json/segments/session_9/part_2/005177.json,45.1538033,-93.5067012,0.9792067244089037,90.25,72.15686274509804,83.13725490196079,10.433604336043361,79.30216802168022,80.86,0.9467556497156102,0.9271609997592842,2025-07-08 13:33:17.566
/media/vsi-dev/Lacie_2/mndot_workzone_project/Hyundai/campaign/processed_json/segments/session_9/part_2/005178.json,45.1538096,-93.5067105,0.9771525479278598,90.53,73.72549019607844,83.92156862745098,21.98509485094851,82.68970189701898,81.79,0.9468348997279362,0.9261299159780468,2025-07-08 13:33:17.600
/media/vsi-dev/Lacie_2/mndot_workzone_project/Hyundai/campaign/processed_json/segments/session_9/part_2/005179.json,45.1538159,-93.5067198,0.9792067244089037,90.18,71.37254901960785,83.92156862745098,21.84959349593496,83.19783197831978,80.81,0.9407451494905394,0.9282507058056471,2025-07-08 13:33:17.633
/media/vsi-dev/Lacie_2/mndot_workzone_project/Hyundai/campaign/processed_json/segments/session_9/part_2/005180.json,45.1538222,-93.5067291,0.9727652403079083,88.53,65.09803921568627,83.92156862745098,0.0,85.97560975609755,78.02,0.9158368737029985,0.9255672013940636,2025-07-08 13:33:17.666
/media/vsi-dev/Lacie_2/mndot_workzone_project/Hyundai/campaign/processed_json/segments/session_9/part_2/005181.json,45.1538285,-93.5067384,0.9998000199986667,92.11,82.74509803921568,83.92156862745098,42.54742547425474,0.0,84.85,0.8984552958764869,0.919703117630411,2025-07-08 13:33:17.700
/media/vsi-dev/Lacie_2/mndot_workzone_project/Hyundai/campaign/processed_json/segments/session_9/part_2/005182.json,45.1538348,-93.5067477,0.9902478635182348,91.84,83.13725490196079,83.92156862745098,66.19241192411924,0.0,85.04,0.9091653340532551,0.9122601136647391,2025-07-08 13:33:17.733
/media/vsi-dev/Lacie_2/mndot_workzone_project/Hyundai/campaign/processed_json/segments/session_9/part_2/005183.json,45.1538411,-93.5067569,0.9971914513728449,91.93,82.35294117647058,83.92156862745098,61.34823848238482,46.476964769647694,84.68,0.9043139960384922,0.9131167977808053,2025-07-08 13:33:17.766
/media/vsi-dev/Lacie_2/mndot_workzone_project/Hyundai/campaign/processed_json/segments/session_9/part_2/005184.json,45.1538474,-93.5067662,0.9971914513728449,92.03,82.74509803921568,83.92156862745098,77.10027100271003,41.86991869918699,84.87,0.9149531099537388,0.904922665468883,2025-07-08 13:33:17.800
/media/vsi-dev/Lacie_2/mndot_workzone_project/Hyundai/campaign/processed_json/segments/session_9/part_2/005185.json,45.1538537,-93.5067755,0.9993876875398336,91.12,73.72549019607844,83.92156862745098,0.0,0.0,81.57,0.9436632557871771,0.9075289569574599,2025-07-08 13:33:17.833
/media/vsi-dev/Lacie_2/mndot_workzone_project/Hyundai/campaign/processed_json/segments/session_9/part_2/005186.json,45.15386,-93.5067848,0.9968051145430329,92.19,82.74509803921568,83.92156862745098,83.46883468834689,0.0,84.99,0.9174910708391173,0.9147433204042228,2025-07-08 13:33:17.866
/media/vsi-dev/Lacie_2/mndot_workzone_project/Hyundai/campaign/processed_json/segments/session_9/part_2/005187.json,45.1538663,-93.5067941,0.9781913242622374,91.5,82.35294117647058,83.92156862745098,93.56368563685636,67.00542005420054,84.92,0.9214245226198083,0.9191021120129755,2025-07-08 13:33:17.900
/media/vsi-dev/Lacie_2/mndot_workzone_project/Hyundai/campaign/processed_json/segments/session_9/part_2/005188.json,45.1538726,-93.5068034,0.983033087191611,90.27,72.15686274509804,83.13725490196079,23.136856368563684,73.6449864498645,80.76,0.941565681001659,0.922909114559172,2025-07-08 13:33:17.933
/media/vsi-dev/Lacie_2/mndot_workzone_project/Hyundai/campaign/processed_json/segments/session_9/part_2/005189.json,45.1538789,-93.5068127,0.9704334030551546,91.24,81.96078431372548,83.92156862745098,90.88753387533876,78.7940379403794,84.84,0.9241446815553469,0.9244133521609317,2025-07-08 13:33:17.966
/media/vsi-dev/Lacie_2/mndot_workzone_project/Hyundai/campaign/processed_json/segments/session_9/part_2/005190.json,45.1538852,-93.506822,0.9771525479278598,91.13,80.3921568627451,83.13725490196079,93.66531165311653,66.46341463414635,83.9,0.9248403662383616,0.9238688484523242,2025-07-08 13:33:18.000
/media/vsi-dev/Lacie_2/mndot_workzone_project/Hyundai/campaign/processed_json/segments/session_9/part_2/005191.json,45.1538915,-93.5068313,0.9727652403079083,91.13,80.7843137254902,83.92156862745098,92.17479674796748,65.92140921409214,84.36,0.9251049271018295,0.9222261599315578,2025-07-08 13:33:18.033
/media/vsi-dev/Lacie_2/mndot_workzone_project/Hyundai/campaign/processed_json/segments/session_9/part_2/005192.json,45.1538978,-93.5068405,0.9750051752984178,91.17,80.3921568627451,83.92156862745098,84.01084010840108,77.98102981029811,84.21,0.9230722894814551,0.9250928493055601,2025-07-08 13:33:18.066
/media/vsi-dev/Lacie_2/mndot_workzone_project/Hyundai/campaign/processed_json/segments/session_9/part_2/005193.json,45.1539041,-93.5068498,0.9856539001953453,89.93,68.23529411764706,83.52941176470588,0.0,77.81165311653116,79.43,0.9496079845082367,0.9231798635042731,2025-07-08 13:33:18.100
/media/vsi-dev/Lacie_2/mndot_workzone_project/Hyundai/campaign/processed_json/segments/session_9/part_2/005194.json,45.1539104,-93.5068591,0.9848041402180955,91.14,83.13725490196079,83.92156862745098,20.392953929539296,0.0,84.7,0.8863501353721536,0.9009104457424637,2025-07-08 13:33:18.133
/media/vsi-dev/Lacie_2/mndot_workzone_project/Hyundai/campaign/processed_json/segments/session_9/part_2/005195.json,45.1539167,-93.5068684,0.9915856009035505,91.55,82.74509803921568,83.52941176470588,39.49864498644987,0.0,84.57,0.8946408053021353,0.9113197398807555,2025-07-08 13:33:18.166
/media/vsi-dev/Lacie_2/mndot_workzone_project/Hyundai/campaign/processed_json/segments/session_9/part_2/005196.json,45.153923,-93.5068777,0.9864797311051822,91.46,78.03921568627452,84.70588235294117,6.808943089430894,0.0,83.64,0.9424214887093348,0.9117732203627545,2025-07-08 13:33:18.200
/media/vsi-dev/Lacie_2/mndot_workzone_project/Hyundai/campaign/processed_json/segments/session_9/part_2/005197.json,45.1539293,-93.506887,0.9954976660309717,92.14,83.52941176470588,84.70588235294117,59.14634146341463,0.0,85.44,0.906336171374717,0.908468681307128,2025-07-08 13:33:18.233
/media/vsi-dev/Lacie_2/mndot_workzone_project/Hyundai/campaign/processed_json/segments/session_9/part_2/005198.json,45.1539356,-93.5068963,0.9998875063278877,91.81,77.64705882352942,83.92156862745098,16.836043360433607,36.61924119241192,83.17,0.9477017125106547,0.9070464311402847,2025-07-08 13:33:18.266
/media/vsi-dev/Lacie_2/mndot_workzone_project/Hyundai/campaign/processed_json/segments/session_9/part_2/005199.json,45.1539419,-93.5069056,0.9989880124051737,91.45,74.90196078431373,83.92156862745098,15.10840108401084,49.05149051490515,82.16,0.950311104832259,0.912582444055338,2025-07-08 13:33:18.300
/media/vsi-dev/Lacie_2/mndot_workzone_project/Hyundai/campaign/processed_json/segments/session_9/part_2/005200.json,45.1539482,-93.5069149,0.9909288930014639,90.81,73.72549019607844,82.74509803921568,16.395663956639567,62.12737127371274,81.26,0.9481451113603667,0.9190794142539432,2025-07-08 13:33:18.333
/media/vsi-dev/Lacie_2/mndot_workzone_project/Hyundai/campaign/processed_json/segments/session_9/part_2/005201.json,45.1539545,-93.5069241,0.9902478635182347,90.23,69.80392156862744,83.92156862745098,50.47425474254743,0.0,80.08,0.9416415217254448,0.9169726814222873,2025-07-08 13:33:18.366
/media/vsi-dev/Lacie_2/mndot_workzone_project/Hyundai/campaign/processed_json/segments/session_9/part_2/005202.json,45.1539608,-93.5069334,0.9727652403079083,89.85,70.98039215686275,83.92156862745098,25.406504065040654,69.85094850948511,80.64,0.9443658025498094,0.9236622412429978,2025-07-08 13:33:18.400
/media/vsi-dev/Lacie_2/mndot_workzone_project/Hyundai/campaign/processed_json/segments/session_9/part_2/005203.json,45.1539671,-93.5069427,0.9792067244089037,91.41,80.3921568627451,84.70588235294117,100.0,44.44444444444444,84.49,0.9251012938278408,0.9197782293591327,2025-07-08 13:33:18.433
/media/vsi-dev/Lacie_2/mndot_workzone_project/Hyundai/campaign/processed_json/segments/session_9/part_2/005204.json,45.1539734,-93.506952,0.9750051752984178,91.27,81.17647058823529,83.92156862745098,97.35772357723577,63.07588075880759,84.51,0.9255943296399198,0.9214304174889639,2025-07-08 13:33:18.466
/media/vsi-dev/Lacie_2/mndot_workzone_project/Hyundai/campaign/processed_json/segments/session_9/part_2/005205.json,45.1539797,-93.5069613,0.9750051752984178,90.49,73.72549019607844,84.31372549019608,33.80758807588076,70.69783197831978,81.93,0.9458500700968975,0.9256091364743112,2025-07-08 13:33:18.500
/media/vsi-dev/Lacie_2/mndot_workzone_project/Hyundai/campaign/processed_json/segments/session_9/part_2/005206.json,45.153986,-93.5069706,0.9771525479278598,91.47,81.17647058823529,84.31372549019608,100.0,69.61382113821138,84.7,0.9254781423375418,0.9249271061343418,2025-07-08 13:33:18.533
/media/vsi-dev/Lacie_2/mndot_workzone_project/Hyundai/campaign/processed_json/segments/session_9/part_2/005207.json,45.1539923,-93.5069799,0.9856539001953453,88.31,59.6078431372549,82.74509803921568,0.0,74.08536585365853,75.59,0.9388230140283615,0.9256700704640479,2025-07-08 13:33:18.566
/media/vsi-dev/Lacie_2/mndot_workzone_project/Hyundai/campaign/processed_json/segments/session_9/part_2/005208.json,45.1539986,-93.5069892,0,51.83,78.82352941176471,82.35294117647058,0.0,0.0,83.07,0.9347874509884718,0.9251765184526052,2025-07-08 13:33:18.600
/media/vsi-dev/Lacie_2/mndot_workzone_project/Hyundai/campaign/processed_json/segments/session_9/part_2/005209.json,45.1540049,-93.5069985,0.9954976660309717,91.48,79.2156862745098,83.92156862745098,8.26558265582656,0.0,83.51,0.936158494972797,0.8893310630653588,2025-07-08 13:33:18.633
/media/vsi-dev/Lacie_2/mndot_workzone_project/Hyundai/campaign/processed_json/segments/session_9/part_2/005210.json,45.1540112,-93.5070078,0.9993876875398336,91.94,82.74509803921568,83.92156862745098,62.12737127371274,6.029810298102981,84.74,0.915781236089051,0.8913754552493264,2025-07-08 13:33:18.666
/media/vsi-dev/Lacie_2/mndot_workzone_project/Hyundai/campaign/processed_json/segments/session_9/part_2/005211.json,45.1540176,-93.507017,0.9811670975774323,91.55,82.74509803921568,83.92156862745098,66.869918699187,49.96612466124661,84.98,0.9132212138313855,0.9179756486920322,2025-07-08 13:33:18.700
/media/vsi-dev/Lacie_2/mndot_workzone_project/Hyundai/campaign/processed_json/segments/session_9/part_2/005212.json,45.1540239,-93.5070263,0.9989880124051737,92.33,82.74509803921568,83.13725490196079,92.51355013550136,0.0,84.8,0.9244283191178253,0.9203708258413583,2025-07-08 13:33:18.733
/media/vsi-dev/Lacie_2/mndot_workzone_project/Hyundai/campaign/processed_json/segments/session_9/part_2/005213.json,45.1540302,-93.5070356,0.9992003199146837,92.0,78.43137254901961,83.92156862745098,36.043360433604335,0.0,83.55,0.9470928095998885,0.9142041274041115,2025-07-08 13:33:18.766
/media/vsi-dev/Lacie_2/mndot_workzone_project/Hyundai/campaign/processed_json/segments/session_9/part_2/005214.json,45.1540365,-93.5070449,0.988813044611233,90.93,73.72549019607844,82.74509803921568,28.252032520325205,0.0,81.4,0.9466919865408211,0.934980014737997,2025-07-08 13:33:18.800
/media/vsi-dev/Lacie_2/mndot_workzone_project/Hyundai/campaign/processed_json/segments/session_9/part_2/005215.json,45.1540428,-93.5070542,0.988813044611233,91.44,78.03921568627452,83.13725490196079,42.31029810298103,61.4159891598916,83.11,0.9481591500063244,0.9160825447119524,2025-07-08 13:33:18.833
/media/vsi-dev/Lacie_2/mndot_workzone_project/Hyundai/campaign/processed_json/segments/session_9/part_2/005216.json,45.1540491,-93.5070635,0.9792067244089037,90.7,74.90196078431373,83.92156862745098,39.329268292682926,59.31571815718157,82.19,0.9459373970550824,0.9199318648479551,2025-07-08 13:33:18.866
/media/vsi-dev/Lacie_2/mndot_workzone_project/Hyundai/campaign/processed_json/segments/session_9/part_2/005217.json,45.1540554,-93.5070728,0.9771525479278598,91.09,78.03921568627452,83.92156862745098,50.609756097560975,59.99322493224932,83.42,0.946907109590957,0.9165014876436607,2025-07-08 13:33:18.900
/media/vsi-dev/Lacie_2/mndot_workzone_project/Hyundai/campaign/processed_json/segments/session_9/part_2/005218.json,45.1540617,-93.5070821,0.9738967374550571,90.2,73.33333333333333,83.92156862745098,31.944444444444443,55.21680216802169,81.53,0.9463769406673355,0.9167030429778884,2025-07-08 13:33:18.933
/media/vsi-dev/Lacie_2/mndot_workzone_project/Hyundai/campaign/processed_json/segments/session_9/part_2/005219.json,45.154068,-93.5070914,0.9750051752984178,90.28,73.72549019607844,83.52941176470588,44.47831978319783,59.586720867208676,81.56,0.9460739451064395,0.9197171307708909,2025-07-08 13:33:18.966
/media/vsi-dev/Lacie_2/mndot_workzone_project/Hyundai/campaign/processed_json/segments/session_9/part_2/005220.json,45.1540743,-93.5071006,0.9727652403079083,88.56,66.66666666666666,80.7843137254902,17.039295392953928,60.3319783197832,77.59,0.9411199372269333,0.9201025623716742,2025-07-08 13:33:19.000
/media/vsi-dev/Lacie_2/mndot_workzone_project/Hyundai/campaign/processed_json/segments/session_9/part_2/005221.json,45.1540806,-93.5071099,0.9727652403079083,90.2,75.68627450980392,81.17647058823529,40.040650406504064,65.71815718157181,81.45,0.9518188659591126,0.9191336680437618,2025-07-08 13:33:19.033
/media/vsi-dev/Lacie_2/mndot_workzone_project/Hyundai/campaign/processed_json/segments/session_9/part_2/005222.json,45.1540869,-93.5071192,0.9992003199146837,91.44,82.74509803921568,83.13725490196079,40.989159891598916,0.0,84.16,0.9002501694269536,0.8802833756296591,2025-07-08 13:33:19.066
/media/vsi-dev/Lacie_2/mndot_workzone_project/Hyundai/campaign/processed_json/segments/session_9/part_2/005223.json,45.1540932,-93.5071285,0,51.74,79.6078431372549,82.74509803921568,0.0,0.0,83.34,0.9366605857369305,0.9034696343355658,2025-07-08 13:33:19.100
/media/vsi-dev/Lacie_2/mndot_workzone_project/Hyundai/campaign/processed_json/segments/session_9/part_2/005224.json,45.1540995,-93.5071378,0.9691207408042318,90.52,82.35294117647058,80.7843137254902,59.078590785907856,52.371273712737135,83.58,0.9081004530138093,0.9245481109292992,2025-07-08 13:33:19.133
/media/vsi-dev/Lacie_2/mndot_workzone_project/Hyundai/campaign/processed_json/segments/session_9/part_2/005225.json,45.1541058,-93.5071471,0.9738967374550571,90.87,81.96078431372548,80.7843137254902,91.32791327913279,56.16531165311653,83.58,0.9252091042911763,0.92288322771998,2025-07-08 13:33:19.166
/media/vsi-dev/Lacie_2/mndot_workzone_project/Hyundai/campaign/processed_json/segments/session_9/part_2/005226.json,45.1541121,-93.5071564,0.9971914513728449,91.93,80.3921568627451,83.52941176470588,30.35230352303523,0.0,84.01,0.9469525792808572,0.8966865833169286,2025-07-08 13:33:19.200
/media/vsi-dev/Lacie_2/mndot_workzone_project/Hyundai/campaign/processed_json/segments/session_9/part_2/005227.json,45.1541184,-93.5071657,0.9864797311051822,91.31,78.82352941176471,82.74509803921568,45.29132791327913,44.546070460704605,83.2,0.9502734688745538,0.9066452919543785,2025-07-08 13:33:19.233
/media/vsi-dev/Lacie_2/mndot_workzone_project/Hyundai/campaign/processed_json/segments/session_9/part_2/005228.json,45.1541247,-93.507175,0.9959581901895135,91.99,79.6078431372549,83.13725490196079,55.79268292682927,0.0,83.75,0.948323073793829,0.9165277941911555,2025-07-08 13:33:19.266
/media/vsi-dev/Lacie_2/mndot_workzone_project/Hyundai/campaign/processed_json/segments/session_9/part_2/005229.json,45.154131,-93.5071842,0.9771525479278598,90.95,78.43137254901961,83.13725490196079,56.84281842818428,43.97018970189702,83.21,0.9461917624477967,0.912039366667136,2025-07-08 13:33:19.300
/media/vsi-dev/Lacie_2/mndot_workzone_project/Hyundai/campaign/processed_json/segments/session_9/part_2/005230.json,45.1541373,-93.5071936,0.9781913242622374,91.44,83.13725490196079,82.74509803921568,100.0,42.75067750677507,84.76,0.9314505584936541,0.9089836708564578,2025-07-08 13:33:19.333
/media/vsi-dev/Lacie_2/mndot_workzone_project/Hyundai/campaign/processed_json/segments/session_9/part_2/005231.json,45.1541435,-93.5072029,0.9792067244089037,90.53,76.07843137254902,81.96078431372548,54.03116531165312,44.88482384823848,81.84,0.9525167054546739,0.9097941827909105,2025-07-08 13:33:19.366
/media/vsi-dev/Lacie_2/mndot_workzone_project/Hyundai/campaign/processed_json/segments/session_9/part_2/005232.json,45.1541498,-93.5072122,0.9692332344763441,91.51,83.13725490196079,82.74509803921568,100.0,0.0,85.07,0.9324678759123952,0.939069596091114,2025-07-08 13:33:19.400
/media/vsi-dev/Lacie_2/mndot_workzone_project/Hyundai/campaign/processed_json/segments/session_9/part_2/005233.json,45.1541561,-93.5072215,0.9727652403079083,90.05,73.72549019607844,83.52941176470588,66.46341463414635,39.6680216802168,81.46,0.9485893218499653,0.9072491247858163,2025-07-08 13:33:19.433
/media/vsi-dev/Lacie_2/mndot_workzone_project/Hyundai/campaign/processed_json/segments/session_9/part_2/005234.json,45.1541624,-93.5072308,0.9738967374550571,90.24,75.29411764705883,83.13725490196079,73.40785907859079,40.7520325203252,81.9,0.9463651124911259,0.9063961372184636,2025-07-08 13:33:19.466
/media/vsi-dev/Lacie_2/mndot_workzone_project/Hyundai/campaign/processed_json/segments/session_9/part_2/005235.json,45.1541687,-93.5072401,0.9193218682789711,86.5,67.05882352941175,82.74509803921568,7.8590785907859075,0.0,78.32,0.9426587834337053,0.8972070298853473,2025-07-08 13:33:19.500
/media/vsi-dev/Lacie_2/mndot_workzone_project/Hyundai/campaign/processed_json/segments/session_9/part_2/005236.json,45.154175,-93.5072494,0.9647309005073157,90.55,82.74509803921568,84.70588235294117,61.111111111111114,0.0,84.96,0.9115564033582494,0.8864773480658454,2025-07-08 13:33:19.533
/media/vsi-dev/Lacie_2/mndot_workzone_project/Hyundai/campaign/processed_json/segments/session_9/part_2/005237.json,45.1541812,-93.5072588,0.9442384097747619,88.81,72.15686274509804,84.31372549019608,43.59756097560975,30.35230352303523,81.16,0.9449471784244127,0.9123030837843541,2025-07-08 13:33:19.566
/media/vsi-dev/Lacie_2/mndot_workzone_project/Hyundai/campaign/processed_json/segments/session_9/part_2/005238.json,45.1541875,-93.5072681,0.9359980727474971,89.86,83.13725490196079,83.13725490196079,100.0,28.28590785907859,84.95,0.9357153274557255,0.9084172325747237,2025-07-08 13:33:19.600
/media/vsi-dev/Lacie_2/mndot_workzone_project/Hyundai/campaign/processed_json/segments/session_9/part_2/005239.json,45.1541938,-93.5072774,0.9674348535047814,90.58,79.2156862745098,83.13725490196079,44.00406504065041,24.288617886178862,83.45,0.9447344413487033,0.905946517547265,2025-07-08 13:33:19.633
/media/vsi-dev/Lacie_2/mndot_workzone_project/Hyundai/campaign/processed_json/segments/session_9/part_2/005240.json,45.1542001,-93.5072867,0.9677218777280071,89.21,71.37254901960785,83.92156862745098,21.57859078590786,10.840108401084011,80.44,0.9465487625387009,0.8857146981531708,2025-07-08 13:33:19.666
/media/vsi-dev/Lacie_2/mndot_workzone_project/Hyundai/campaign/processed_json/segments/session_9/part_2/005241.json,45.1542064,-93.507296,0.9704334030551546,90.5,78.82352941176471,84.70588235294117,53.65853658536586,0.0,83.64,0.9481681996602405,0.8742445824399063,2025-07-08 13:33:19.700
/media/vsi-dev/Lacie_2/mndot_workzone_project/Hyundai/campaign/processed_json/segments/session_9/part_2/005242.json,45.1542127,-93.5073053,0.9674348535047814,91.09,83.13725490196079,84.31372549019608,100.0,23.814363143631436,85.27,0.9381900619986081,0.8906737856759852,2025-07-08 13:33:19.733
/media/vsi-dev/Lacie_2/mndot_workzone_project/Hyundai/campaign/processed_json/segments/session_9/part_2/005243.json,45.1542189,-93.5073147,0.9750051752984178,90.15,74.11764705882354,84.70588235294117,44.27506775067751,12.669376693766937,81.91,0.9566282904111826,0.8819097560863336,2025-07-08 13:33:19.766
/media/vsi-dev/Lacie_2/mndot_workzone_project/Hyundai/campaign/processed_json/segments/session_9/part_2/005244.json,45.1542252,-93.507324,0.9687833357111584,90.6,78.82352941176471,84.70588235294117,81.53794037940379,21.476964769647697,83.76,0.9516165957369451,0.8830596389081653,2025-07-08 13:33:19.800
/media/vsi-dev/Lacie_2/mndot_workzone_project/Hyundai/campaign/processed_json/segments/session_9/part_2/005245.json,45.1542315,-93.5073333,0.9781913242622374,91.31,78.82352941176471,84.70588235294117,84.34959349593495,0.0,84.0,0.9522336963992375,0.9063448363794704,2025-07-08 13:33:19.833
/media/vsi-dev/Lacie_2/mndot_workzone_project/Hyundai/campaign/processed_json/segments/session_9/part_2/005246.json,45.1542378,-93.5073426,0.9691207408042318,90.5,76.07843137254902,83.92156862745098,88.51626016260163,0.0,82.67,0.9485732858148714,0.9184811243484248,2025-07-08 13:33:19.866
/media/vsi-dev/Lacie_2/mndot_workzone_project/Hyundai/campaign/processed_json/segments/session_9/part_2/005247.json,45.1542441,-93.5073519,0.9692332344763441,90.65,75.68627450980392,84.70588235294117,60.264227642276424,0.0,82.89,0.9560302024495291,0.9169358676559956,2025-07-08 13:33:19.900
/media/vsi-dev/Lacie_2/mndot_workzone_project/Hyundai/campaign/processed_json/segments/session_9/part_2/005248.json,45.1542504,-93.5073612,0,52.14,79.2156862745098,83.13725490196079,20.697831978319783,100.0,83.63,0.9539592894201863,0.9145984601881727,2025-07-08 13:33:19.933
/media/vsi-dev/Lacie_2/mndot_workzone_project/Hyundai/campaign/processed_json/segments/session_9/part_2/005249.json,45.1542566,-93.5073705,0,48.64,58.03921568627452,82.74509803921568,0.0,100.0,74.97,0.9364344593747705,0.9287303377781205,2025-07-08 13:33:19.966
/media/vsi-dev/Lacie_2/mndot_workzone_project/Hyundai/campaign/processed_json/segments/session_9/part_2/005250.json,45.1542629,-93.5073799,0,52.36,83.52941176470588,82.74509803921568,54.47154471544715,0.0,84.91,0.9067162372404525,0.9328990950722604,2025-07-08 13:33:20.000
/media/vsi-dev/Lacie_2/mndot_workzone_project/Hyundai/campaign/processed_json/segments/session_9/part_2/005251.json,45.1542692,-93.5073892,0,52.41,83.13725490196079,82.74509803921568,72.73035230352303,0.0,84.83,0.9093244151803406,0.937991802804251,2025-07-08 13:33:20.033
/media/vsi-dev/Lacie_2/mndot_workzone_project/Hyundai/campaign/processed_json/segments/session_9/part_2/005252.json,45.1542755,-93.5073985,0,52.51,81.17647058823529,82.74509803921568,0.0,100.0,84.34,0.9387081565141111,0.9386652603544776,2025-07-08 13:33:20.066
/media/vsi-dev/Lacie_2/mndot_workzone_project/Hyundai/campaign/processed_json/segments/session_9/part_2/005253.json,45.1542818,-93.5074078,0,52.57,83.13725490196079,83.13725490196079,0.0,0.0,85.06,0.9205676971762745,0.933978035317701,2025-07-08 13:33:20.100
/media/vsi-dev/Lacie_2/mndot_workzone_project/Hyundai/campaign/processed_json/segments/session_9/part_2/005254.json,45.1542881,-93.5074171,0,52.4,81.17647058823529,83.13725490196079,0.0,100.0,84.37,0.9428885991363825,0.9218683655890377,2025-07-08 13:33:20.133
/media/vsi-dev/Lacie_2/mndot_workzone_project/Hyundai/campaign/processed_json/segments/session_9/part_2/005255.json,45.1542943,-93.5074264,0,52.75,81.17647058823529,83.52941176470588,0.0,100.0,84.74,0.9502216741081971,0.9355619367524791,2025-07-08 13:33:20.166
/media/vsi-dev/Lacie_2/mndot_workzone_project/Hyundai/campaign/processed_json/segments/session_9/part_2/005256.json,45.1543006,-93.5074358,0,52.91,82.35294117647058,83.13725490196079,0.0,100.0,85.08,0.9492396333128278,0.9386722577477105,2025-07-08 13:33:20.200
/media/vsi-dev/Lacie_2/mndot_workzone_project/Hyundai/campaign/processed_json/segments/session_9/part_2/005257.json,45.1543069,-93.5074451,0,52.34,78.43137254901961,83.13725490196079,0.0,100.0,83.55,0.9510717447283604,0.9412569015761386,2025-07-08 13:33:20.233
/media/vsi-dev/Lacie_2/mndot_workzone_project/Hyundai/campaign/processed_json/segments/session_9/part_2/005258.json,45.1543132,-93.5074544,0,52.7,80.7843137254902,83.13725490196079,0.0,0.0,84.48,0.9502081197665091,0.9405379457784557,2025-07-08 13:33:20.266
/media/vsi-dev/Lacie_2/mndot_workzone_project/Hyundai/campaign/processed_json/segments/session_9/part_2/005259.json,45.1543195,-93.5074637,0,52.87,82.35294117647058,83.92156862745098,0.0,0.0,85.27,0.9518668302833616,0.9246132855619811,2025-07-08 13:33:20.300
/media/vsi-dev/Lacie_2/mndot_workzone_project/Hyundai/campaign/processed_json/segments/session_9/part_2/005260.json,45.1543257,-93.507473,0,52.92,82.74509803921568,83.92156862745098,0.0,0.0,85.42,0.9467006055587344,0.9283221327957774,2025-07-08 13:33:20.333
/media/vsi-dev/Lacie_2/mndot_workzone_project/Hyundai/campaign/processed_json/segments/session_9/part_2/005261.json,45.154332,-93.5074823,0,52.97,82.35294117647058,83.92156862745098,0.0,100.0,85.34,0.9421579452102068,0.9409596272093357,2025-07-08 13:33:20.366
/media/vsi-dev/Lacie_2/mndot_workzone_project/Hyundai/campaign/processed_json/segments/session_9/part_2/005262.json,45.1543383,-93.5074916,0,53.0,83.92156862745098,83.92156862745098,0.0,0.0,85.81,0.92614725715327,0.9411728720589193,2025-07-08 13:33:20.400
/media/vsi-dev/Lacie_2/mndot_workzone_project/Hyundai/campaign/processed_json/segments/session_9/part_2/005263.json,45.1543446,-93.507501,0,52.9,82.74509803921568,83.92156862745098,0.0,100.0,85.4,0.9335641777564002,0.9400066425987685,2025-07-08 13:33:20.433
/media/vsi-dev/Lacie_2/mndot_workzone_project/Hyundai/campaign/processed_json/segments/session_9/part_2/005264.json,45.1543509,-93.5075103,0,52.84,83.92156862745098,83.92156862745098,0.0,100.0,85.7,0.9122466253004795,0.9441174816803775,2025-07-08 13:33:20.466
/media/vsi-dev/Lacie_2/mndot_workzone_project/Hyundai/campaign/processed_json/segments/session_9/part_2/005265.json,45.1543572,-93.5075196,0,52.58,80.7843137254902,82.74509803921568,0.0,100.0,84.28,0.9421563744373863,0.9446022426859626,2025-07-08 13:33:20.500
/media/vsi-dev/Lacie_2/mndot_workzone_project/Hyundai/campaign/processed_json/segments/session_9/part_2/005266.json,45.1543634,-93.5075289,0,52.24,78.43137254901961,82.74509803921568,0.0,100.0,83.37,0.9447878433587692,0.9447213113294466,2025-07-08 13:33:20.533
/media/vsi-dev/Lacie_2/mndot_workzone_project/Hyundai/campaign/processed_json/segments/session_9/part_2/005267.json,45.1543697,-93.5075382,0,52.81,83.92156862745098,82.74509803921568,0.0,100.0,85.34,0.9227514868974825,0.9442254313017666,2025-07-08 13:33:20.566
/media/vsi-dev/Lacie_2/mndot_workzone_project/Hyundai/campaign/processed_json/segments/session_9/part_2/005268.json,45.154376,-93.5075475,0,52.71,82.35294117647058,82.35294117647058,0.0,100.0,84.71,0.938310075733116,0.9443789927745353,2025-07-08 13:33:20.600
/media/vsi-dev/Lacie_2/mndot_workzone_project/Hyundai/campaign/processed_json/segments/session_9/part_2/005269.json,45.1543823,-93.5075568,0,52.84,82.74509803921568,82.74509803921568,0.0,0.0,85.03,0.9388965602869961,0.9441683308423086,2025-07-08 13:33:20.633
/media/vsi-dev/Lacie_2/mndot_workzone_project/Hyundai/campaign/processed_json/segments/session_9/part_2/005270.json,45.1543886,-93.5075662,0,52.9,82.74509803921568,82.74509803921568,0.0,100.0,85.07,0.9433369515425045,0.9443454527602694,2025-07-08 13:33:20.666
/media/vsi-dev/Lacie_2/mndot_workzone_project/Hyundai/campaign/processed_json/segments/session_9/part_2/005271.json,45.1543949,-93.5075755,0,52.96,83.13725490196079,82.74509803921568,0.0,0.0,85.22,0.9426436377777782,0.9442502399317088,2025-07-08 13:33:20.700
/media/vsi-dev/Lacie_2/mndot_workzone_project/Hyundai/campaign/processed_json/segments/session_9/part_2/005272.json,45.1544011,-93.5075848,0,52.62,80.7843137254902,82.74509803921568,0.0,0.0,84.31,0.945329511690999,0.9443233228525376,2025-07-08 13:33:20.733
/media/vsi-dev/Lacie_2/mndot_workzone_project/Hyundai/campaign/processed_json/segments/session_9/part_2/005273.json,45.1544074,-93.5075941,0,52.87,82.74509803921568,82.74509803921568,0.0,0.0,85.05,0.941055160483644,0.9442518141822149,2025-07-08 13:33:20.766
/media/vsi-dev/Lacie_2/mndot_workzone_project/Hyundai/campaign/processed_json/segments/session_9/part_2/005274.json,45.1544137,-93.5076034,0,52.9,84.31372549019608,83.13725490196079,0.0,100.0,85.63,0.9203534216078157,0.9441686481414091,2025-07-08 13:33:20.800
/media/vsi-dev/Lacie_2/mndot_workzone_project/Hyundai/campaign/processed_json/segments/session_9/part_2/005275.json,45.15442,-93.5076127,0,50.21,66.66666666666666,83.92156862745098,0.8807588075880758,100.0,78.89,0.9212958182862412,0.9436783032983501,2025-07-08 13:33:20.833
/media/vsi-dev/Lacie_2/mndot_workzone_project/Hyundai/campaign/processed_json/segments/session_9/part_2/005276.json,45.1544263,-93.5076221,0,52.98,82.74509803921568,83.92156862745098,2.9471544715447155,100.0,85.46,0.9359363436397539,0.9437055116101907,2025-07-08 13:33:20.866
/media/vsi-dev/Lacie_2/mndot_workzone_project/Hyundai/campaign/processed_json/segments/session_9/part_2/005277.json,45.1544326,-93.5076314,0,52.63,83.13725490196079,82.74509803921568,0.0,100.0,84.99,0.9201816774726121,0.9431593319154294,2025-07-08 13:33:20.900
/media/vsi-dev/Lacie_2/mndot_workzone_project/Hyundai/campaign/processed_json/segments/session_9/part_2/005278.json,45.1544388,-93.5076407,0,52.6,83.52941176470588,83.13725490196079,0.0,100.0,85.19,0.9094119263818579,0.9430709162754363,2025-07-08 13:33:20.933
/media/vsi-dev/Lacie_2/mndot_workzone_project/Hyundai/campaign/processed_json/segments/session_9/part_2/005279.json,45.1544451,-93.50765,0,52.79,83.92156862745098,83.92156862745098,0.0,100.0,85.66,0.9095261795346671,0.9431354291573196,2025-07-08 13:33:20.966
/media/vsi-dev/Lacie_2/mndot_workzone_project/Hyundai/campaign/processed_json/segments/session_9/part_2/005280.json,45.1544514,-93.5076593,0,52.77,82.74509803921568,82.74509803921568,0.0,100.0,84.97,0.9353648557466709,0.9424048441706397,2025-07-08 13:33:21.000
/media/vsi-dev/Lacie_2/mndot_workzone_project/Hyundai/campaign/processed_json/segments/session_9/part_2/005281.json,45.1544577,-93.5076686,0,52.85,84.70588235294117,82.74509803921568,0.0,100.0,85.59,0.9191037453709703,0.9419709068522341,2025-07-08 13:33:21.033
/media/vsi-dev/Lacie_2/mndot_workzone_project/Hyundai/campaign/processed_json/segments/session_9/part_2/005282.json,45.154464,-93.5076779,0,52.83,83.13725490196079,82.74509803921568,12.195121951219512,100.0,85.13,0.9361238022830891,0.9420737428211745,2025-07-08 13:33:21.066
/media/vsi-dev/Lacie_2/mndot_workzone_project/Hyundai/campaign/processed_json/segments/session_9/part_2/005283.json,45.1544702,-93.5076873,0.9727652403079085,91.04,83.92156862745098,82.74509803921568,20.121951219512198,100.0,84.86,0.8772711109265479,0.9417596672540242,2025-07-08 13:33:21.100
/media/vsi-dev/Lacie_2/mndot_workzone_project/Hyundai/campaign/processed_json/segments/session_9/part_2/005284.json,45.1544765,-93.5076966,0.9691207408042318,90.97,84.31372549019608,82.74509803921568,17.953929539295395,100.0,85.02,0.8784083543446595,0.9416074109169401,2025-07-08 13:33:21.133
/media/vsi-dev/Lacie_2/mndot_workzone_project/Hyundai/campaign/processed_json/segments/session_9/part_2/005285.json,45.1544828,-93.5077059,0.9771525479278599,91.5,84.70588235294117,82.74509803921568,20.73170731707317,100.0,85.28,0.8885570327482009,0.9413031774507887,2025-07-08 13:33:21.166
/media/vsi-dev/Lacie_2/mndot_workzone_project/Hyundai/campaign/processed_json/segments/session_9/part_2/005286.json,45.1544891,-93.5077152,0.9704334030551547,91.33,80.7843137254902,83.13725490196079,0.0,100.0,84.34,0.9361862725463908,0.9412523930535714,2025-07-08 13:33:21.200
/media/vsi-dev/Lacie_2/mndot_workzone_project/Hyundai/campaign/processed_json/segments/session_9/part_2/005287.json,45.1544954,-93.5077245,0.9738967374550571,91.58,84.70588235294117,83.13725490196079,32.079945799457995,100.0,85.55,0.8995323048572917,0.9412711485708476,2025-07-08 13:33:21.233
/media/vsi-dev/Lacie_2/mndot_workzone_project/Hyundai/campaign/processed_json/segments/session_9/part_2/005288.json,45.1545017,-93.5077338,0.9771525479278599,91.76,84.70588235294117,83.13725490196079,35.636856368563684,100.0,85.58,0.9035067182845273,0.9408989570413229,2025-07-08 13:33:21.266
/media/vsi-dev/Lacie_2/mndot_workzone_project/Hyundai/campaign/processed_json/segments/session_9/part_2/005289.json,45.1545079,-93.5077432,0.9738967374550571,91.68,84.70588235294117,83.13725490196079,39.49864498644987,100.0,85.62,0.9073696672597549,0.9405750220494855,2025-07-08 13:33:21.300
/media/vsi-dev/Lacie_2/mndot_workzone_project/Hyundai/campaign/processed_json/segments/session_9/part_2/005290.json,45.1545142,-93.5077525,0.9750051752984179,91.76,84.70588235294117,83.13725490196079,42.41192411924119,100.0,85.64,0.910071883636944,0.9399593150675888,2025-07-08 13:33:21.333
/media/vsi-dev/Lacie_2/mndot_workzone_project/Hyundai/campaign/processed_json/segments/session_9/part_2/005291.json,45.1545205,-93.5077618,0.9792067244089037,91.81,80.7843137254902,83.13725490196079,0.0,100.0,84.44,0.9475273365606529,0.9394337009834338,2025-07-08 13:33:21.366
/media/vsi-dev/Lacie_2/mndot_workzone_project/Hyundai/campaign/processed_json/segments/session_9/part_2/005292.json,45.1545268,-93.5077711,0.9691832357263233,91.83,83.92156862745098,83.13725490196079,0.0,100.0,85.63,0.9421100001988517,0.938528494667985,2025-07-08 13:33:21.400
/media/vsi-dev/Lacie_2/mndot_workzone_project/Hyundai/campaign/processed_json/segments/session_9/part_2/005293.json,45.1545331,-93.5077804,0.9727652403079085,91.67,80.7843137254902,83.92156862745098,0.0,99.62737127371274,84.74,0.9480563140828401,0.938132492407418,2025-07-08 13:33:21.433
/media/vsi-dev/Lacie_2/mndot_workzone_project/Hyundai/campaign/processed_json/segments/session_9/part_2/005294.json,45.1545394,-93.5077897,0.9750051752984179,92.21,83.13725490196079,84.31372549019608,0.0,97.2560975609756,85.85,0.94990065263688,0.9374386141173596,2025-07-08 13:33:21.466
/media/vsi-dev/Lacie_2/mndot_workzone_project/Hyundai/campaign/processed_json/segments/session_9/part_2/005295.json,45.1545456,-93.507799,0.9692332344763441,91.91,83.52941176470588,83.92156862745098,0.0,92.6829268292683,85.8,0.9456471560731204,0.9367463624096144,2025-07-08 13:33:21.500
/media/vsi-dev/Lacie_2/mndot_workzone_project/Hyundai/campaign/processed_json/segments/session_9/part_2/005296.json,45.1545519,-93.5078084,0.9738967374550571,92.08,82.74509803921568,83.92156862745098,0.0,89.36314363143632,85.56,0.9535929117596332,0.935953241505315,2025-07-08 13:33:21.533
/media/vsi-dev/Lacie_2/mndot_workzone_project/Hyundai/campaign/processed_json/segments/session_9/part_2/005297.json,45.1545582,-93.5078177,0.9771525479278599,91.88,80.7843137254902,83.92156862745098,0.0,84.45121951219512,84.77,0.952403001425898,0.9359224798772996,2025-07-08 13:33:21.566
/media/vsi-dev/Lacie_2/mndot_workzone_project/Hyundai/campaign/processed_json/segments/session_9/part_2/005298.json,45.1545645,-93.507827,0.9727652403079085,92.01,83.13725490196079,83.92156862745098,6.7411924119241196,82.68970189701898,85.66,0.9496646394228366,0.9342972958511666,2025-07-08 13:33:21.600
/media/vsi-dev/Lacie_2/mndot_workzone_project/Hyundai/campaign/processed_json/segments/session_9/part_2/005299.json,45.1545708,-93.5078363,0.9771525479278599,92.22,82.74509803921568,84.70588235294117,15.481029810298102,79.03116531165311,85.79,0.9475035263608058,0.933922744193581,2025-07-08 13:33:21.633
/media/vsi-dev/Lacie_2/mndot_workzone_project/Hyundai/campaign/processed_json/segments/session_9/part_2/005300.json,45.1545771,-93.5078456,0.9792067244089037,92.52,83.13725490196079,85.49019607843137,9.925474254742547,78.28590785907859,86.29,0.9515361261425469,0.9322976098480785,2025-07-08 13:33:21.666
/media/vsi-dev/Lacie_2/mndot_workzone_project/Hyundai/campaign/processed_json/segments/session_9/part_2/005301.json,45.1545833,-93.5078549,0.9792067244089037,92.46,82.74509803921568,85.49019607843137,14.80352303523035,72.96747967479675,86.13,0.9517478865444614,0.93195135025063,2025-07-08 13:33:21.700
/media/vsi-dev/Lacie_2/mndot_workzone_project/Hyundai/campaign/processed_json/segments/session_9/part_2/005302.json,45.1545896,-93.5078642,0.983033087191611,92.59,84.70588235294117,85.49019607843137,80.1829268292683,74.22086720867209,86.67,0.9302194396376173,0.9293945908264486,2025-07-08 13:33:21.733
/media/vsi-dev/Lacie_2/mndot_workzone_project/Hyundai/campaign/processed_json/segments/session_9/part_2/005303.json,45.1545959,-93.5078736,0.9771525479278599,92.45,83.52941176470588,85.49019607843137,23.47560975609756,66.93766937669376,86.41,0.9506251034352659,0.9294764323925184,2025-07-08 13:33:21.766
/media/vsi-dev/Lacie_2/mndot_workzone_project/Hyundai/campaign/processed_json/segments/session_9/part_2/005304.json,45.1546022,-93.5078829,0.9781913242622374,92.53,83.13725490196079,86.27450980392157,27.608401084010843,69.47831978319783,86.55,0.9519561512504057,0.9264399646599484,2025-07-08 13:33:21.800
/media/vsi-dev/Lacie_2/mndot_workzone_project/Hyundai/campaign/processed_json/segments/session_9/part_2/005305.json,45.1546085,-93.5078922,0.9811670975774324,92.34,83.52941176470588,86.27450980392157,75.16937669376695,61.890243902439025,86.44,0.926939555301728,0.925166528582173,2025-07-08 13:33:21.833
/media/vsi-dev/Lacie_2/mndot_workzone_project/Hyundai/campaign/processed_json/segments/session_9/part_2/005306.json,45.1546148,-93.5079015,0.9692332344763441,92.09,83.13725490196079,85.88235294117646,11.178861788617885,57.68970189701898,86.38,0.9530937223637853,0.9242271554910229,2025-07-08 13:33:21.866
/media/vsi-dev/Lacie_2/mndot_workzone_project/Hyundai/campaign/processed_json/segments/session_9/part_2/005307.json,45.154621,-93.5079108,0.9771525479278599,92.28,83.13725490196079,85.49019607843137,19.308943089430894,54.91192411924119,86.17,0.9502682805427473,0.9219814153434469,2025-07-08 13:33:21.900
/media/vsi-dev/Lacie_2/mndot_workzone_project/Hyundai/campaign/processed_json/segments/session_9/part_2/005308.json,45.1546273,-93.5079201,0.9848041402180955,92.47,83.92156862745098,85.88235294117646,93.59756097560977,53.18428184281843,86.43,0.9306121309540488,0.9202791463860976,2025-07-08 13:33:21.933
/media/vsi-dev/Lacie_2/mndot_workzone_project/Hyundai/campaign/processed_json/segments/session_9/part_2/005309.json,45.1546336,-93.5079295,0.9856539001953453,92.5,84.70588235294117,85.09803921568627,97.22222222222221,49.457994579945805,86.42,0.93240305988289,0.9178076966817684,2025-07-08 13:33:21.966
/media/vsi-dev/Lacie_2/mndot_workzone_project/Hyundai/campaign/processed_json/segments/session_9/part_2/005310.json,45.1546399,-93.5079388,0.983033087191611,92.28,82.35294117647058,84.70588235294117,25.37262872628726,46.7479674796748,85.56,0.9572753516162573,0.9160386994336139,2025-07-08 13:33:22.000
/media/vsi-dev/Lacie_2/mndot_workzone_project/Hyundai/campaign/processed_json/segments/session_9/part_2/005311.json,45.1546462,-93.5079481,0.9856539001953453,92.45,83.13725490196079,85.09803921568627,53.69241192411924,43.63143631436314,85.94,0.9497493295025655,0.914592686246267,2025-07-08 13:33:22.033
/media/vsi-dev/Lacie_2/mndot_workzone_project/Hyundai/campaign/processed_json/segments/session_9/part_2/005312.json,45.1546524,-93.5079574,0.9880593620427126,92.69,82.74509803921568,86.27450980392157,41.86991869918699,41.93766937669376,86.27,0.953361140883803,0.9128989075739026,2025-07-08 13:33:22.066
/media/vsi-dev/Lacie_2/mndot_workzone_project/Hyundai/campaign/processed_json/segments/session_9/part_2/005313.json,45.1546587,-93.5079667,0.9856539001953453,92.23,81.96078431372548,84.70588235294117,33.19783197831978,39.97289972899729,85.33,0.9569090823660253,0.9099115408191885,2025-07-08 13:33:22.100
/media/vsi-dev/Lacie_2/mndot_workzone_project/Hyundai/campaign/processed_json/segments/session_9/part_2/005314.json,45.154665,-93.507976,0.9928258579038134,92.64,83.92156862745098,85.49019607843137,100.0,36.82249322493225,86.21,0.9353765866359901,0.9086537146727793,2025-07-08 13:33:22.133
/media/vsi-dev/Lacie_2/mndot_workzone_project/Hyundai/campaign/processed_json/segments/session_9/part_2/005315.json,45.1546713,-93.5079853,0.9909288930014639,92.58,82.74509803921568,85.49019607843137,58.40108401084011,35.196476964769644,85.88,0.9523623865177082,0.9064445246952705,2025-07-08 13:33:22.166
/media/vsi-dev/Lacie_2/mndot_workzone_project/Hyundai/campaign/processed_json/segments/session_9/part_2/005316.json,45.1546776,-93.5079947,0.9888130446112331,92.46,82.74509803921568,85.49019607843137,57.58807588075881,33.90921409214092,85.86,0.9522487555841209,0.9045282898227792,2025-07-08 13:33:22.200
/media/vsi-dev/Lacie_2/mndot_workzone_project/Hyundai/campaign/processed_json/segments/session_9/part_2/005317.json,45.1546839,-93.508004,0.9856539001953453,92.35,82.74509803921568,85.49019607843137,46.138211382113816,33.4349593495935,85.87,0.9554580642345647,0.9018914182957407,2025-07-08 13:33:22.233
/media/vsi-dev/Lacie_2/mndot_workzone_project/Hyundai/campaign/processed_json/segments/session_9/part_2/005318.json,45.1546901,-93.5080133,0.9880593620427126,92.33,81.96078431372548,85.49019607843137,35.3319783197832,30.48780487804878,85.56,0.9573510492796665,0.9005214015958822,2025-07-08 13:33:22.266
/media/vsi-dev/Lacie_2/mndot_workzone_project/Hyundai/campaign/processed_json/segments/session_9/part_2/005319.json,45.1546964,-93.5080226,0.983033087191611,90.48,72.15686274509804,86.27450980392157,16.666666666666664,29.336043360433607,81.81,0.945171512027159,0.8984220545765399,2025-07-08 13:33:22.300
/media/vsi-dev/Lacie_2/mndot_workzone_project/Hyundai/campaign/processed_json/segments/session_9/part_2/005320.json,45.1547027,-93.5080319,0.9811670975774324,93.06,83.13725490196079,86.27450980392157,61.72086720867209,0.0,86.84,0.9514128895402655,0.9563371894802969,2025-07-08 13:33:22.333
/media/vsi-dev/Lacie_2/mndot_workzone_project/Hyundai/campaign/processed_json/segments/session_9/part_2/005321.json,45.154709,-93.5080412,0.9848041402180955,92.47,83.52941176470588,86.66666666666667,60.90785907859079,27.066395663956637,86.54,0.9521465773383788,0.8936482664055264,2025-07-08 13:33:22.366
/media/vsi-dev/Lacie_2/mndot_workzone_project/Hyundai/campaign/processed_json/segments/session_9/part_2/005322.json,45.1547153,-93.5080505,0.9864797311051822,92.25,83.92156862745098,86.27450980392157,100.0,25.338753387533874,86.33,0.9331238553942011,0.8923339763955593,2025-07-08 13:33:22.400
/media/vsi-dev/Lacie_2/mndot_workzone_project/Hyundai/campaign/processed_json/segments/session_9/part_2/005323.json,45.1547216,-93.5080599,0.9848041402180955,92.4,83.92156862745098,86.27450980392157,59.65447154471545,25.16937669376694,86.49,0.9513818546099649,0.8899818805652064,2025-07-08 13:33:22.433
/media/vsi-dev/Lacie_2/mndot_workzone_project/Hyundai/campaign/processed_json/segments/session_9/part_2/005324.json,45.1547278,-93.5080692,0.9902478635182348,92.44,82.74509803921568,86.66666666666667,75.57588075880759,24.695121951219512,86.14,0.9497558128136687,0.8879283819097673,2025-07-08 13:33:22.466
/media/vsi-dev/Lacie_2/mndot_workzone_project/Hyundai/campaign/processed_json/segments/session_9/part_2/005325.json,45.1547341,-93.5080785,0.9856539001953453,92.35,82.74509803921568,87.45098039215686,77.03252032520325,24.728997289972902,86.43,0.949735081538296,0.885783777293783,2025-07-08 13:33:22.500
/media/vsi-dev/Lacie_2/mndot_workzone_project/Hyundai/campaign/processed_json/segments/session_9/part_2/005326.json,45.1547404,-93.5080878,0.9902478635182348,92.43,83.92156862745098,87.05882352941177,100.0,24.05149051490515,86.58,0.9358888096244284,0.882428485414569,2025-07-08 13:33:22.533
/media/vsi-dev/Lacie_2/mndot_workzone_project/Hyundai/campaign/processed_json/segments/session_9/part_2/005327.json,45.1547467,-93.5080971,0.9909288930014639,92.38,83.92156862745098,86.66666666666667,100.0,21.57859078590786,86.41,0.9368610358998437,0.8807442723407631,2025-07-08 13:33:22.566
/media/vsi-dev/Lacie_2/mndot_workzone_project/Hyundai/campaign/processed_json/segments/session_9/part_2/005328.json,45.154753,-93.5081064,0.9864797311051822,92.27,83.52941176470588,86.27450980392157,70.1219512195122,22.96747967479675,86.24,0.9530372595711615,0.878721578574352,2025-07-08 13:33:22.600
/media/vsi-dev/Lacie_2/mndot_workzone_project/Hyundai/campaign/processed_json/segments/session_9/part_2/005329.json,45.1547593,-93.5081158,0.9880593620427126,92.39,83.92156862745098,86.27450980392157,69.579945799458,21.375338753387535,86.39,0.9526770951325528,0.8785287529234375,2025-07-08 13:33:22.633
/media/vsi-dev/Lacie_2/mndot_workzone_project/Hyundai/campaign/processed_json/segments/session_9/part_2/005330.json,45.1547655,-93.5081251,0.9902478635182348,92.17,81.96078431372548,86.27450980392157,61.111111111111114,22.899728997289973,85.61,0.9546935951227188,0.8770337863363417,2025-07-08 13:33:22.666
/media/vsi-dev/Lacie_2/mndot_workzone_project/Hyundai/campaign/processed_json/segments/session_9/part_2/005331.json,45.1547718,-93.5081344,0.9864797311051822,91.94,80.7843137254902,86.66666666666667,40.616531165311656,22.39159891598916,85.33,0.9580919303235584,0.8766776319172622,2025-07-08 13:33:22.700
/media/vsi-dev/Lacie_2/mndot_workzone_project/Hyundai/campaign/processed_json/segments/session_9/part_2/005332.json,45.1547781,-93.5081437,0.9864797311051822,91.88,80.7843137254902,86.66666666666667,49.66124661246612,22.35772357723577,85.29,0.9540814277718292,0.8767184824949056,2025-07-08 13:33:22.733
